capture_date,video_id,title,publish_date,views,watch_hours,subscribers_gained,impressions,ctr_pct,avg_view_duration_sec,avg_view_pct
2026-04-22,sVWGIOKA8gY,Deep Focus Music | 40Hz Gamma Binaural Beats for Concentration,2026-04-05,223,11.6531,3,4970,2.72,188,13.36
2026-04-22,DT0vCc17EGk,Burnout Music | Tanpura & Delta Waves | Nervous System Reset | 1 Hour,2026-04-12,50,10.3841,0,1354,1.48,747,20.76
2026-04-22,62FI6ji47L8,Emotional Release | Violin & 40Hz Gamma Waves | 1 Hour Emotional Healing Music,2026-04-11,76,10.1784,1,1514,3.5,482,13.39
2026-04-22,3TayWGNOyrY,Digital Detox Music | Dilruba Strings | Neural Rest | 1 Hour,2026-04-11,67,6.8922,1,2239,2.77,370,10.28
2026-04-22,PCshMQuu41I,ADHD Brain Fog Music | Sitar + 40Hz Gamma | 1 Hour Focus,2026-04-20,54,6.8526,2,1431,2.73,456,12.68
2026-04-22,bM4M5T6wW48,Clear Brain Fog | Sarangi 40Hz Gamma | 1Hour,2026-04-07,34,6.3853,0,1438,1.46,676,18.78
2026-04-22,3LZYCjFOeS4,Focus Music Santoor | 40Hz Gamma Waves | 40 Min Deep Work,2026-04-15,44,5.7498,0,1315,2.28,470,19.59
2026-04-22,o71DBMDTHyc,Mindful Music | Relaxation | 40Hz Gamma Binaural Beats,2026-04-06,53,4.1798,0,1713,1.17,283,11.99
2026-04-22,IwzyemqVh7c,Memory Recall | Sitar Music | Brainwave Entrainment | 20 Min,2026-04-12,59,3.2139,0,1660,1.99,196,16.33
2026-04-22,sGmvP8MMitg,Deep Work Music for Strategic Thinking | Bamboo Flute + 40Hz Gamma Binaural Beats for Focus,2026-04-14,15,2.5491,0,825,1.33,611,13.81
2026-04-22,4jtrdy4lfQU,Let Go Before Sleep | 40 Min Tanpura Drone for Insomnia & Calm,2026-04-19,37,2.3796,0,1036,2.32,231,9.63
2026-04-22,LMnHS9drakg,Cello for Creative Flow | 20 Min Focus | 6Hz Theta Waves,2026-04-09,57,1.6697,3,1304,3.76,105,8.77
2026-04-22,LZ8FJoKp1TA,Anxiety Relief Music | Sitar & Alpha Waves | 1 Hour Session,2026-04-17,18,1.5618,0,340,4.41,312,8.89
2026-04-22,aaaQjaYIiAg,Can't Focus? | 10 Min Deep Work Session | Raga-Inspired Piano Music,2026-04-08,26,1.4269,0,443,2.03,197,32.76
2026-04-22,Tw2jFE-srGc,Mind at Rest | Sitar & Alpha Waves | 1 Hour Anxiety Relief Music,2026-04-21,16,1.4183,0,545,2.75,319,8.89
2026-04-22,0tbB-bD6wz0,Bansuri for Anxiety & Overthinking 🌿 | Mind Too Loud | 528Hz,2026-04-16,3,1.3438,0,35,0.0,1612,44.76
2026-04-22,dyb6inFSyik,Tabla Music for Morning Focus & Motivation | 40Hz Gamma Energy,2026-04-13,14,1.2787,0,80,11.25,328,9.87
2026-04-22,1zXHn2Bpmms,Overcome Procrastination | Esraj Music | Start working now,2026-04-10,23,0.8838,0,670,2.09,138,3.84
2026-04-22,8XDHxadprKs,Acoustic Guitar Instrumental | 1 Hour Warm Gentle Music | 40Hz Gamma waves,2026-04-13,18,0.8706,0,385,2.34,174,4.83
2026-04-22,9xnTYcsyDig,Jet Lag Recovery | Sarod Echoes & 4.5Hz Theta | 1 Hour Session,2026-04-18,10,0.4181,0,37,10.81,150,4.51
2026-04-22,FQdazFAHWOo,Intuition Awakening Music | Swarmandal + Deep Delta Waves for Subconscious Healing & Meditation,2026-04-14,4,0.0124,0,90,1.11,11,0.23
2026-04-24,7PDDveKXLbs,Can't Fall Asleep? | Raga Yaman Bansuri | Delta Wave Sleep Session | 1 Hour,2026-04-22,310,36.6992,8,4438,5.81,426,10.14
2026-04-24,sVWGIOKA8gY,Deep Focus Music | 40Hz Gamma Binaural Beats for Concentration,2026-04-05,227,11.6776,3,4988,2.73,185,13.14
2026-04-24,62FI6ji47L8,Emotional Release | Violin & 40Hz Gamma Waves | 1 Hour Emotional Healing Music,2026-04-11,76,10.1784,1,1518,3.49,482,13.39
2026-04-24,3TayWGNOyrY,Digital Detox Music | Dilruba Strings | Neural Rest | 1 Hour,2026-04-11,67,6.8922,1,2243,2.76,370,10.27
2026-04-24,IwzyemqVh7c,Memory Recall | Sitar Music | Brainwave Entrainment | 20 Min,2026-04-12,60,3.2139,0,1666,1.98,193,16.07
2026-04-24,LMnHS9drakg,Cello for Creative Flow | 20 Min Focus | 6Hz Theta Waves,2026-04-09,58,1.7106,3,1308,3.75,106,8.81
2026-04-24,PCshMQuu41I,ADHD Brain Fog Music | Sitar + 40Hz Gamma | 1 Hour Focus,2026-04-20,54,6.8526,2,1455,2.68,457,12.68
2026-04-24,o71DBMDTHyc,Mindful Music | Relaxation | 40Hz Gamma Binaural Beats,2026-04-06,54,4.2037,0,1714,1.23,280,11.82
2026-04-24,DT0vCc17EGk,Burnout Music | Tanpura & Delta Waves | Nervous System Reset | 1 Hour,2026-04-12,50,10.3841,0,1357,1.47,748,20.77
2026-04-24,3LZYCjFOeS4,Focus Music Santoor | 40Hz Gamma Waves | 40 Min Deep Work,2026-04-15,45,5.7525,0,1327,2.34,460,19.15
2026-04-24,4jtrdy4lfQU,Let Go Before Sleep | 40 Min Tanpura Drone for Insomnia & Calm,2026-04-19,37,2.3796,0,1063,2.16,232,9.65
2026-04-24,bM4M5T6wW48,Clear Brain Fog | Sarangi 40Hz Gamma | 1Hour,2026-04-07,34,6.3853,0,1441,1.46,676,18.77
2026-04-24,aaaQjaYIiAg,Can't Focus? | 10 Min Deep Work Session | Raga-Inspired Piano Music,2026-04-08,27,1.4311,0,522,1.72,191,31.67
2026-04-24,Tw2jFE-srGc,Mind at Rest | Sitar & Alpha Waves | 1 Hour Anxiety Relief Music,2026-04-21,25,1.5934,0,846,2.84,229,6.38
2026-04-24,1zXHn2Bpmms,Overcome Procrastination | Esraj Music | Start working now,2026-04-10,24,0.8838,0,679,2.06,133,3.69
2026-04-24,LZ8FJoKp1TA,Anxiety Relief Music | Sitar & Alpha Waves | 1 Hour Session,2026-04-17,19,1.569,0,347,4.32,297,8.45
2026-04-24,dyb6inFSyik,Tabla Music for Morning Focus & Motivation | 40Hz Gamma Energy,2026-04-13,19,1.3465,0,99,10.1,255,7.66
2026-04-24,8XDHxadprKs,Acoustic Guitar Instrumental | 1 Hour Warm Gentle Music | 40Hz Gamma waves,2026-04-13,18,0.8706,0,398,2.01,174,4.83
2026-04-24,sGmvP8MMitg,Deep Work Music for Strategic Thinking | Bamboo Flute + 40Hz Gamma Binaural Beats for Focus,2026-04-14,15,2.5491,0,834,1.32,612,13.81
2026-04-24,9xnTYcsyDig,Jet Lag Recovery | Sarod Echoes & 4.5Hz Theta | 1 Hour Session,2026-04-18,12,0.4394,0,47,12.77,132,3.98
2026-04-24,0tbB-bD6wz0,Bansuri for Anxiety & Overthinking 🌿 | Mind Too Loud | 528Hz,2026-04-16,6,2.3633,0,44,0,1418,39.36
2026-04-24,FQdazFAHWOo,Overthinking? Trust Your Gut | Swaramandal Delta Waves for Intuition Awakening,2026-04-14,4,0.0124,0,98,1.02,11,0.22
2026-04-26,7PDDveKXLbs,Can't Fall Asleep? | Raga Yaman Bansuri | Delta Wave Sleep Session | 1 Hour,2026-04-22,475,62.7118,12,7154,5.14,475,11.31
2026-04-26,sVWGIOKA8gY,Deep Focus Music | 40Hz Gamma Binaural Beats for Concentration,2026-04-05,220,11.9953,3,4995,2.72,196,13.92
2026-04-26,5UGTuyNHHHE,Stress Relief Music | Deep Meditation with Veena Raga & 432Hz | 1 Hour,2026-04-24,151,32.4891,1,2943,3.98,775,18.45
2026-04-26,62FI6ji47L8,Emotional Release | Violin & 40Hz Gamma Waves | 1 Hour Emotional Healing Music,2026-04-11,78,10.3354,2,1549,3.42,477,13.25
2026-04-26,3TayWGNOyrY,Digital Detox Music | Dilruba Strings | Neural Rest | 1 Hour,2026-04-11,67,6.8922,1,2257,2.75,370,10.27
2026-04-26,XSIsS9ZZgLg,Nervous System Reset | Quiet Your Mind with Dilruba Instrumental Music | 1 Hour,2026-04-23,65,7.5116,0,1763,2.55,416,9.93
2026-04-26,IwzyemqVh7c,Memory Recall | Sitar Music | Brainwave Entrainment | 20 Min,2026-04-12,63,3.2497,0,1685,2.02,186,15.49
2026-04-26,LMnHS9drakg,Cello for Creative Flow | 20 Min Focus | 6Hz Theta Waves,2026-04-09,58,1.7106,3,1318,3.72,106,8.81
2026-04-26,o71DBMDTHyc,Mindful Music | Relaxation | 40Hz Gamma Binaural Beats,2026-04-06,54,4.1976,0,1719,1.34,280,11.82
2026-04-26,DT0vCc17EGk,Burnout Music | Tanpura & Delta Waves | Nervous System Reset | 1 Hour,2026-04-12,49,10.3734,0,1378,1.45,762,21.16
2026-04-26,Tw2jFE-srGc,Mind at Rest | Sitar & Alpha Waves | 1 Hour Anxiety Relief Music,2026-04-21,48,2.2603,0,1648,3.64,170,4.74
2026-04-26,3LZYCjFOeS4,Focus Music Santoor | 40Hz Gamma Waves | 40 Min Deep Work,2026-04-15,46,5.7552,0,1347,2.3,450,18.73
2026-04-26,4jtrdy4lfQU,Let Go Before Sleep | 40 Min Tanpura Drone for Insomnia & Calm,2026-04-19,35,2.3551,0,1083,2.12,242,10.07
2026-04-26,bM4M5T6wW48,Brain Fog? | Think Clearly with Sarangi 40Hz Gamma | 1 Hour,2026-04-07,34,6.3853,0,1448,1.45,676,18.77
2026-04-26,dyb6inFSyik,Tabla Music for Morning Focus & Motivation | 40Hz Gamma Energy,2026-04-13,25,2.8271,1,188,10.11,407,12.22
2026-04-26,aaaQjaYIiAg,Can't Focus? | 10 Min Deep Work Session | Raga-Inspired Piano Music,2026-04-08,25,1.407,0,535,1.68,203,33.67
2026-04-26,1zXHn2Bpmms,Overcome Procrastination | Esraj Music | Start working now,2026-04-10,24,0.8838,0,699,2.0,133,3.69
2026-04-26,LZ8FJoKp1TA,Anxiety Relief Music | Sitar & Alpha Waves | 1 Hour Session,2026-04-17,19,1.569,0,367,4.09,297,8.45
2026-04-26,sGmvP8MMitg,Deep Work Music for Strategic Thinking | Bamboo Flute + 40Hz Gamma Binaural Beats for Focus,2026-04-14,18,3.7819,0,852,1.53,756,17.06
2026-04-26,8XDHxadprKs,Acoustic Guitar Instrumental | 1 Hour Warm Gentle Music | 40Hz Gamma waves,2026-04-13,12,0.3429,0,418,1.91,103,2.86
2026-04-26,9xnTYcsyDig,Jet Lag Recovery | Sarod Echoes & 4.5Hz Theta | 1 Hour Session,2026-04-18,10,0.0586,0,74,8.11,21,0.63
2026-04-26,0tbB-bD6wz0,Bansuri for Anxiety & Overthinking 🌿 | Mind Too Loud | 528Hz,2026-04-16,6,2.3633,0,62,0.0,1418,39.36
2026-04-26,FQdazFAHWOo,Overthinking? Trust Your Gut | Swaramandal Delta Waves for Intuition Awakening,2026-04-14,4,0.0102,0,115,1.74,9,0.18
2026-04-26,PCshMQuu41I,ADHD Brain Fog Music | Sitar + 40Hz Gamma | 1 Hour Focus,2026-04-20,2,0.0183,0,1500,2.73,33,0.92
2026-04-28,5UGTuyNHHHE,Stress Relief Music | Deep Meditation with Veena Raga & 432Hz | 1 Hour,2026-04-24,715,185.775,5,15532,3.46,935,22.27
2026-04-28,g3v4KTVRNEQ,Relaxation Music | Bansuri Raga & 432Hz Evening Session | 1 Hour,2026-04-25,280,71.0562,2,6446,3.3,913,20.3
2026-04-28,7PDDveKXLbs,Can't Fall Asleep | Raga Yaman Bansuri | Delta Wave Sleep Session | 1 Hour,2026-04-22,507,68.6732,12,7755,4.98,487,11.61
2026-04-28,h7jE3BbxdN4,Calm Your Mind |  Veena Healing Music | 1 hour,2026-04-26,189,54.5573,1,4201,3.62,1039,23.28
2026-04-28,sVWGIOKA8gY,Deep Focus Music | 40Hz Gamma Binaural Beats for Concentration,2026-04-05,229,12.0684,3,5009,2.72,189,13.47
2026-04-28,XSIsS9ZZgLg,Nervous System Reset | Quiet Your Mind with Dilruba Instrumental Music | 1 Hour,2026-04-23,86,12.0287,0,1925,2.55,503,12.01
2026-04-28,DT0vCc17EGk,Burnout Music | Tanpura & Delta Waves | Nervous System Reset | 1 Hour,2026-04-12,51,11.3841,0,1399,1.5,803,22.32
2026-04-28,62FI6ji47L8,Emotional Release | Violin & 40Hz Gamma Waves | 1 Hour Emotional Healing Music,2026-04-11,82,10.8621,2,1581,3.35,476,13.24
2026-04-28,3TayWGNOyrY,Digital Detox Music | Dilruba Strings | Neural Rest | 1 Hour,2026-04-11,69,6.8928,1,2278,2.77,359,9.99
2026-04-28,PCshMQuu41I,ADHD Brain Fog Music | Sitar + 40Hz Gamma | 1 Hour Focus,2026-04-20,59,6.564,2,1558,2.76,400,11.12
2026-04-28,bM4M5T6wW48,Brain Fog? | Think Clearly with Sarangi 40Hz Gamma | 1 Hour,2026-04-07,34,6.3853,0,1468,1.43,676,18.78
2026-04-28,3LZYCjFOeS4,Focus Music Santoor | 40Hz Gamma Waves | 40 Min Deep Work,2026-04-15,50,5.8366,0,1377,2.4,420,17.5
2026-04-28,o71DBMDTHyc,Mindful Music | Relaxation | 40Hz Gamma Binaural Beats,2026-04-06,56,4.2106,0,1728,1.33,270,11.43
2026-04-28,dyb6inFSyik,Tabla Music for Morning Focus & Motivation | 40Hz Gamma Energy,2026-04-13,36,4.0686,1,245,8.98,406,12.21
2026-04-28,sGmvP8MMitg,Deep Work Music for Strategic Thinking | Bamboo Flute + 40Hz Gamma Binaural Beats for Focus,2026-04-14,18,3.7819,0,869,1.5,756,17.07
2026-04-28,Z6dZjnUzNXQ,Release Stress | Burnout Music | Santoor & 528Hz,2026-04-27,27,3.6834,0,413,5.57,491,10.91
2026-04-28,Tw2jFE-srGc,Mind at Rest | Sitar & Alpha Waves | 1 Hour Anxiety Relief Music,2026-04-21,65,3.6013,0,1709,3.57,199,5.56
2026-04-28,IwzyemqVh7c,Memory Recall | Sitar Music | Brainwave Entrainment | 20 Min,2026-04-12,66,3.2519,0,1714,1.98,177,14.77
2026-04-28,4jtrdy4lfQU,Let Go Before Sleep | 40 Min Tanpura Drone for Insomnia & Calm,2026-04-19,37,2.3796,0,1110,2.07,231,9.63
2026-04-28,LMnHS9drakg,Cello for Creative Flow | 20 Min Focus | 6Hz Theta Waves,2026-04-09,58,1.7106,3,1338,3.66,106,8.83
2026-04-28,0tbB-bD6wz0,Bansuri for Anxiety & Overthinking 🌿 | Mind Too Loud | 528Hz,2026-04-16,5,1.7065,0,85,0.0,1228,34.1
2026-04-28,8XDHxadprKs,Acoustic Guitar Instrumental | 1 Hour Warm Gentle Music | 40Hz Gamma waves,2026-04-13,20,1.6526,0,448,1.79,297,8.26
2026-04-28,aaaQjaYIiAg,Can't Focus? | 10 Min Deep Work Session | Raga-Inspired Piano Music,2026-04-08,28,1.4343,0,533,1.69,184,30.58
2026-04-28,LZ8FJoKp1TA,Anxiety Relief Music | Sitar & Alpha Waves | 1 Hour Session,2026-04-17,17,0.9241,1,392,4.08,195,5.57
2026-04-28,1zXHn2Bpmms,Overcome Procrastination | Esraj Music | Start working now,2026-04-10,25,0.8838,0,733,1.91,127,3.53
2026-04-28,9xnTYcsyDig,Jet Lag Recovery | Sarod Echoes & 4.5Hz Theta | 1 Hour Session,2026-04-18,10,0.5159,0,101,6.93,185,5.58
2026-04-28,FQdazFAHWOo,Overthinking? Trust Your Gut | Swaramandal Delta Waves for Intuition Awakening,2026-04-14,6,0.2902,0,138,1.45,174,3.54
2026-05-02,m6aFcw2f58o,Deep Rest Music | Find Stillness with Surbahar | 1 Hour,2026-04-28,1370,479.591,14,24781,4.27,1260,23.33
2026-05-02,5UGTuyNHHHE,Stress Relief Music | Deep Meditation with Veena Raga & 432Hz | 1 Hour,2026-04-24,1206,318.2361,8,25329,3.53,948,22.57
2026-05-02,SEw8IsSXRSU,Sitar for Dopamine Reset | Indian Classical Music for Mindfulness,2026-04-29,553,203.2202,8,15400,2.65,1322,24.49
2026-05-02,g3v4KTVRNEQ,Relaxation Music | Bansuri Raga & 432Hz Evening Session | 1 Hour,2026-04-25,452,127.4806,2,10245,3.25,1013,22.51
2026-05-02,7PDDveKXLbs,Can't Fall Asleep | Raga Yaman Bansuri | Delta Wave Sleep Session | 1 Hour,2026-04-22,634,94.8726,15,9643,5.04,538,12.82
2026-05-02,h7jE3BbxdN4,Calm Your Mind |  Veena Healing Music | 1 hour,2026-04-26,313,87.0283,1,6843,3.4,1000,22.43
2026-05-02,Z6dZjnUzNXQ,Release Stress | Burnout Music | Santoor & 528Hz,2026-04-27,226,50.2415,1,4680,3.61,800,17.78
2026-05-02,XSIsS9ZZgLg,Nervous System Reset | Quiet Your Mind with Dilruba Instrumental Music | 1 Hour,2026-04-23,101,12.8292,0,2189,2.7,457,10.91
2026-05-02,sVWGIOKA8gY,Deep Focus Music | 40Hz Gamma Binaural Beats for Concentration,2026-04-05,234,12.302,3,5054,2.79,189,13.44
2026-05-02,pMDVh0dzUdI,Anxiety Relief Music | Clear Your Mind | 1 Hour Dilruba Session,2026-05-01,39,12.0702,0,418,7.66,1114,20.63
2026-05-02,DT0vCc17EGk,Burnout Music | Tanpura & Delta Waves | Nervous System Reset | 1 Hour,2026-04-12,52,11.3841,0,1446,1.45,788,21.89
2026-05-02,62FI6ji47L8,Emotional Release | Violin & 40Hz Gamma Waves | 1 Hour Emotional Healing Music,2026-04-11,84,11.1446,2,1630,3.25,477,13.26
2026-05-02,3TayWGNOyrY,Digital Detox Music | Dilruba Strings | Neural Rest | 1 Hour,2026-04-11,70,6.8943,1,2311,2.77,354,9.85
2026-05-02,PCshMQuu41I,ADHD Brain Fog Music | Sitar + 40Hz Gamma | 1 Hour Focus,2026-04-20,61,6.564,2,1667,2.58,387,10.75
2026-05-02,bM4M5T6wW48,Brain Fog? | Think Clearly with Sarangi 40Hz Gamma | 1 Hour,2026-04-07,39,6.5346,0,1495,1.54,603,16.75
2026-05-02,3LZYCjFOeS4,Focus Music Santoor | 40Hz Gamma Waves | 40 Min Deep Work,2026-04-15,54,6.3346,0,1430,2.31,422,17.58
2026-05-02,dyb6inFSyik,Tabla Music for Morning Focus & Motivation | 40Hz Gamma Energy,2026-04-13,50,5.1522,1,339,8.26,370,11.14
2026-05-02,IwzyemqVh7c,Memory Recall | Sitar Music | Brainwave Entrainment | 20 Min,2026-04-12,113,5.0155,2,1938,3.04,159,13.3
2026-05-02,ZyV0OfIdDKs,Concentration Music | Deep Focus with Sitar,2026-04-30,52,4.4155,0,1323,3.02,305,25.45
2026-05-02,o71DBMDTHyc,Mindful Music | Relaxation | 40Hz Gamma Binaural Beats,2026-04-06,57,4.2151,0,1749,1.37,266,11.24
2026-05-02,Tw2jFE-srGc,Mind at Rest | Sitar & Alpha Waves | 1 Hour Anxiety Relief Music,2026-04-21,69,3.6065,0,1767,3.68,188,5.24
2026-05-02,O2Z_XApzvYc,Instant focus music  | Sitar Instrumental | 1 hour,2026-04-30,21,3.3368,0,860,1.74,572,10.59
2026-05-02,sGmvP8MMitg,Deep Work Music for Strategic Thinking | Bamboo Flute + 40Hz Gamma Binaural Beats for Focus,2026-04-14,17,2.5512,0,899,1.45,540,12.19
2026-05-02,4jtrdy4lfQU,Let Go Before Sleep | 40 Min Tanpura Drone for Insomnia & Calm,2026-04-19,39,2.4008,0,1165,1.97,221,9.22
2026-05-02,LZ8FJoKp1TA,Anxiety Relief Music | Sitar & Alpha Waves | 1 Hour Session,2026-04-17,23,2.1698,1,448,4.69,339,9.66
2026-05-02,0tbB-bD6wz0,Bansuri for Anxiety & Overthinking 🌿 | Mind Too Loud | 528Hz,2026-04-16,9,1.7396,0,123,1.63,695,19.31
2026-05-02,LMnHS9drakg,Cello for Creative Flow | 20 Min Focus | 6Hz Theta Waves,2026-04-09,58,1.7106,3,1376,3.56,106,8.83
2026-05-02,8XDHxadprKs,Positive Vibes Music | Feel Good Hour | 1 Hour,2026-04-13,22,1.6565,0,503,1.59,271,7.52
2026-05-02,aaaQjaYIiAg,Can't Focus? | 10 Min Deep Work Session | Raga-Inspired Piano Music,2026-04-08,28,1.4343,0,560,1.61,184,30.58
2026-05-02,1zXHn2Bpmms,Overcome Procrastination | Esraj Music | Start working now,2026-04-10,27,0.8838,0,768,1.82,117,3.27
2026-05-02,9xnTYcsyDig,Jet Lag Recovery | Sarod Echoes & 4.5Hz Theta | 1 Hour Session,2026-04-18,11,0.5163,0,138,5.07,168,5.08
2026-05-02,FQdazFAHWOo,Overthinking? Trust Your Gut | Swaramandal Delta Waves for Intuition Awakening,2026-04-14,6,0.2902,0,174,1.15,174,3.54
2026-05-09,SEw8IsSXRSU,Sitar for Dopamine Reset | Indian Classical Music for Mindfulness,2026-04-29,126278,39801.1483,1101,2686539,3.38,1134,21.01
2026-05-09,m6aFcw2f58o,Deep Rest Music | Find Stillness with Surbahar | 1 Hour,2026-04-28,14132,5627.5112,131,274068,3.92,1433,26.54
2026-05-09,52YU6Q64zVw,Sitar for Nervous System Healing | Indian Classical Music for Calmness | 1 Hour,2026-05-05,3561,1558.6839,21,61514,4.2,1575,29.15
2026-05-09,P-DIkbxipB8,Comfort Music | Healing Music with Sarangi | 1 Hour,2026-05-04,3986,1534.9536,24,94630,3.18,1386,25.67
2026-05-09,AVg7n2rEBG4,Productive Day Music | Positive Morning Vibes | 1 Hour Bansuri Session,2026-05-05,2259,1112.7962,12,40016,4.33,1773,32.84
2026-05-09,mjd89dJLam0,Yoga Music | Positive Energy Frequency | 1 Hour,2026-05-07,1812,869.2718,9,28086,4.97,1727,31.98
2026-05-09,1jrBZH4K_S8,Peaceful Music | Soothing Music with Veena | 1 Hour,2026-05-06,1458,625.0891,6,24509,4.6,1543,28.6
2026-05-09,5UGTuyNHHHE,Stress Relief Music | Deep Meditation with Veena Raga & 432Hz | 1 Hour,2026-04-24,1966,613.0972,12,35985,3.94,1122,26.73
2026-05-09,h7jE3BbxdN4,Calm Your Mind |  Veena Healing Music | 1 hour,2026-04-26,1505,601.5933,7,20870,5.22,1439,32.24
2026-05-09,7PDDveKXLbs,Can't Fall Asleep | Raga Yaman Bansuri | Delta Wave Sleep Session | 1 Hour,2026-04-22,2547,582.0671,28,37227,5.14,822,19.58
2026-05-09,Z6dZjnUzNXQ,Release Stress | Burnout Music | Santoor & 528Hz,2026-04-27,1329,564.0863,4,16132,5.96,1527,33.95
2026-05-09,QNmoY_K5MxI,Deep Sleep | Relaxing Music with Bansuri | 1 Hour,2026-05-07,1480,450.0263,15,20305,5.7,1094,20.27
2026-05-09,Y6Ob2P34DHA,Overthinking Music | Healing with Bamboo Flute & Tanpura | 1 Hour,2026-05-03,1142,425.7892,12,22008,4.02,1342,24.86
2026-05-09,g3v4KTVRNEQ,Relaxation Music | Bansuri Raga & 432Hz Evening Session | 1 Hour,2026-04-25,1120,415.9023,5,20232,3.97,1336,29.7
2026-05-09,pMDVh0dzUdI,Anxiety Relief Music | Clear Your Mind | 1 Hour Dilruba Session,2026-05-01,597,235.5373,2,10032,4.19,1420,26.3
2026-05-09,O2Z_XApzvYc,Instant focus music  | Sitar Instrumental | 1 hour,2026-04-30,496,167.9628,2,7796,4.19,1219,22.57
2026-05-09,FsYTGhdm2uM,Breathe And Relax | Slow Down Music | Veena Instrumental,2026-05-02,469,130.892,10,8043,3.92,1004,18.61
2026-05-09,KeEFFkaCMRk,Joyful Music | Positive Vibes Music with Santoor | 1 Hour,2026-05-08,385,103.0717,6,6826,4.45,963,17.85
2026-05-09,DMcoOLvmAyQ,Breathing Exercise Music | Dilruba Raga Yaman | Alpha Wave Calm Session,2026-05-09,355,69.3053,6,6878,4.11,702,13.02
2026-05-09,XSIsS9ZZgLg,Nervous System Reset | Quiet Your Mind with Dilruba Instrumental Music | 1 Hour,2026-04-23,307,56.4775,2,5598,3.11,662,15.8
2026-05-09,3LZYCjFOeS4,Focus Music Santoor | 40Hz Gamma Waves | 40 Min Deep Work,2026-04-15,160,49.6442,0,2279,2.15,1116,46.5
2026-05-09,IwzyemqVh7c,Memory Recall | Sitar Music | Brainwave Entrainment | 20 Min,2026-04-12,327,47.8876,2,3335,2.97,527,43.9
2026-05-09,ZyV0OfIdDKs,Concentration Music | Deep Focus with Sitar,2026-04-30,200,21.6767,2,3391,3.45,390,32.49
2026-05-09,62FI6ji47L8,Emotional Release | Violin & 40Hz Gamma Waves | 1 Hour Emotional Healing Music,2026-04-11,106,13.7569,2,2128,3.2,467,12.97
2026-05-09,3TayWGNOyrY,Digital Detox Music | Dilruba Strings | Neural Rest | 1 Hour,2026-04-11,92,13.1755,1,2791,2.72,515,14.32
2026-05-09,Tw2jFE-srGc,Mind at Rest | Sitar & Alpha Waves | 1 Hour Anxiety Relief Music,2026-04-21,137,12.8165,1,3012,3.62,336,9.38
2026-05-09,DT0vCc17EGk,Burnout Music | Tanpura & Delta Waves | Nervous System Reset | 1 Hour,2026-04-12,54,11.3936,0,1918,1.15,759,21.09
2026-05-09,dyb6inFSyik,Tabla Music for Morning Focus & Motivation | 40Hz Gamma Energy,2026-04-13,92,9.909,1,919,5.44,387,11.64
2026-05-09,PCshMQuu41I,ADHD Brain Fog Music | Sitar + 40Hz Gamma | 1 Hour Focus,2026-04-20,99,8.9518,2,2486,2.94,325,9.03
2026-05-09,sVWGIOKA8gY,Deep Focus Music | 40Hz Gamma Binaural Beats for Concentration,2026-04-05,102,7.2192,0,1130,4.78,254,18.1
2026-05-09,4jtrdy4lfQU,Let Go Before Sleep | 40 Min Tanpura Drone for Insomnia & Calm,2026-04-19,61,6.7589,0,1844,1.95,398,16.6
2026-05-09,sGmvP8MMitg,Focus Music | Bamboo Flute 40Hz | Deep Work 1 Hour,2026-04-14,41,4.1732,0,1436,2.23,366,8.27
2026-05-09,0tbB-bD6wz0,Bansuri for Anxiety & Overthinking 🌿 | Mind Too Loud | 528Hz,2026-04-16,29,3.6372,-1,709,2.4,451,12.53
2026-05-09,LZ8FJoKp1TA,Anxiety Relief Music | Sitar & Alpha Waves | 1 Hour Session,2026-04-17,36,3.3248,1,1064,2.91,332,9.46
2026-05-09,o71DBMDTHyc,Mindful Music | Relaxation | 40Hz Gamma Binaural Beats,2026-04-06,28,3.186,1,516,2.71,409,17.3
2026-05-09,aaaQjaYIiAg,Can't Focus? | 10 Min Deep Work Session | Raga-Inspired Piano Music,2026-04-08,39,2.8966,0,651,1.84,267,44.34
2026-05-09,bM4M5T6wW48,Brain Fog? | Think Clearly with Sarangi 40Hz Gamma | 1 Hour,2026-04-07,49,2.4274,1,781,3.33,178,4.95
2026-05-09,LMnHS9drakg,Cello for Creative Flow | 20 Min Focus | 6Hz Theta Waves,2026-04-09,34,1.9638,0,1114,2.06,207,17.28
2026-05-09,8XDHxadprKs,Positive Vibes Music | Feel Good Hour | 1 Hour,2026-04-13,47,1.8151,0,1038,2.22,139,3.86
2026-05-09,9xnTYcsyDig,Jet Lag Recovery | Sarod Echoes & 4.5Hz Theta | 1 Hour Session,2026-04-18,23,1.4282,0,757,2.11,223,6.73
2026-05-09,1zXHn2Bpmms,Overcome Procrastination | Esraj Music | Start working now,2026-04-10,29,1.3628,0,845,2.25,169,4.7
2026-05-09,eTi77RazJHM,Hear This · Electric Oud Fusion · 1 Minute Mood Reset #meditationmusic  #1minutecalm #focusmusic,2026-05-02,105,1.2295,0,354,5.65,61,100.13
2026-05-09,SHCYDfIMMkg,Feel Good · Gentle Acoustic Guitar · 1-Minute Mood Lift  #focusmusic #deepwork #indianclassicalmusic,2026-05-03,74,1.1254,0,475,2.53,102,171.51
2026-05-09,pyw51HQXMiQ,1-Min Sitar Meditation · Indian Classical Calm #sitar #sitarmusic #meditationmusic #relaxingmusic,2026-05-03,123,0.492,0,681,4.11,28,46.02
2026-05-09,FQdazFAHWOo,Overthinking? Trust Your Gut | Swaramandal Delta Waves for Intuition Awakening,2026-04-14,22,0.4482,0,681,1.47,73,1.49
2026-05-09,mboU-eNrY-o,Pause Here · 1 Minute Tanpura Calm · Reset Your Mind 🌙,2026-05-02,78,0.3319,0,348,2.87,25,41.81
2026-05-17,SEw8IsSXRSU,Sitar for Dopamine Reset | Indian Classical Music for Mindfulness,2026-04-29,414538,105828.8325,4652,8836729,3.26,919,17.02
2026-05-17,m6aFcw2f58o,Deep Rest Music | Find Stillness with Surbahar | 1 Hour,2026-04-28,33766,11854.431,247,682465,3.74,1263,23.4
2026-05-17,AVg7n2rEBG4,Productive Day Music | Positive Morning Vibes | 1 Hour Bansuri Session,2026-05-05,24067,9943.1143,170,363663,4.99,1487,27.54
2026-05-17,QNmoY_K5MxI,Deep Sleep | Relaxing Music with Bansuri | 1 Hour,2026-05-07,34962,7871.7558,264,563049,5.22,810,15.01
2026-05-17,mjd89dJLam0,Yoga Music | Positive Energy Frequency | 1 Hour,2026-05-07,9633,4726.2071,42,149337,4.74,1766,32.71
2026-05-17,52YU6Q64zVw,Sitar for Nervous System Healing | Indian Classical Music for Calmness | 1 Hour,2026-05-05,10069,4507.5529,40,168604,4.16,1611,29.82
2026-05-17,cLfbEA5506U,Calm Music | Sitar for Cortisol Reset | 1.5 hours healing,2026-05-11,7072,3040.819,27,132348,3.95,1547,28.67
2026-05-17,P-DIkbxipB8,Comfort Music | Healing Music with Sarangi | 1 Hour,2026-05-04,6727,2683.6429,40,153116,3.22,1436,26.6
2026-05-17,Z6dZjnUzNXQ,Release Stress | Burnout Music | Santoor & 528Hz,2026-04-27,4924,2086.135,19,80783,4.44,1525,33.89
2026-05-17,KeEFFkaCMRk,Joyful Music | Positive Vibes Music with Santoor | 1 Hour,2026-05-08,5390,2069.5137,38,81906,4.98,1382,25.6
2026-05-17,h7jE3BbxdN4,Calm Your Mind |  Veena Healing Music | 1 hour,2026-04-26,4979,2052.1727,24,65919,5.68,1483,33.25
2026-05-17,DMcoOLvmAyQ,Morning Energy Music | Dilruba Raga Yaman | 1 Hour,2026-05-09,4369,1875.6199,40,63314,5.04,1545,28.62
2026-05-17,7PDDveKXLbs,Can't Fall Asleep | Raga Yaman Bansuri | Delta Wave Sleep Session | 1 Hour,2026-04-22,6444,1706.5865,58,94291,5.25,953,22.69
2026-05-17,Bc92MEMzd5g,Burnout Recovery | Vagus Nerve Reset with Surbahar | 1 Hour,2026-05-09,3850,1415.8494,22,81892,3.56,1323,24.51
2026-05-17,BXdEaCum01I,Nostalgia Music | Healing Music with Sarangi | 1.5 Hour,2026-05-10,2840,1099.6616,23,49453,4.19,1393,25.81
2026-05-17,1jrBZH4K_S8,Peaceful Music | Soothing Music with Veena | 1 Hour,2026-05-06,2409,1050.7275,14,41746,4.32,1570,29.1
2026-05-17,pMDVh0dzUdI,Anxiety Relief Music | Clear Your Mind | 1 Hour Dilruba Session,2026-05-01,1783,887.0336,5,23201,4.91,1790,33.16
2026-05-17,5UGTuyNHHHE,Stress Relief Music | Deep Meditation with Veena Raga & 432Hz | 1 Hour,2026-04-24,2416,777.4636,17,43201,3.92,1158,27.58
2026-05-17,Y6Ob2P34DHA,Overthinking Music | Healing with Bamboo Flute & Tanpura | 1 Hour,2026-05-03,1664,631.2984,18,30506,4.21,1365,25.29
2026-05-17,g3v4KTVRNEQ,Relaxation Music | Bansuri Raga & 432Hz Evening Session | 1 Hour,2026-04-25,1406,512.1969,6,25879,3.84,1311,29.14
2026-05-17,DubeTsFevyI,Start Your Day With Peace | Calm Bansuri Meditation | 1.5 hours,2026-05-13,1592,487.5092,12,31305,3.69,1102,20.41
2026-05-17,Cih09cj7bnY,Morning Motivation | Sitar Music Instrumental | 1.5 Hours,2026-05-16,1153,375.983,14,21085,4.39,1173,21.74
2026-05-17,izpOuUSyH5Q,Morning Energy Music | Santoor Instrumental | Positive Vibes,2026-05-14,1330,358.0096,10,24782,3.93,969,17.94
2026-05-17,FsYTGhdm2uM,Breathe And Relax | Slow Down Music | Veena Instrumental,2026-05-02,1013,343.2538,15,15905,4.29,1219,22.59
2026-05-17,O8z-M9lOIzM,Insomnia Relief Music | Tanpura Drone | 1.5 Hours,2026-05-13,1304,325.9543,16,22638,4.52,899,16.66
2026-05-17,eaxs5hLcD4U,Sound Healing Music | Slow Surbahar | 1.5 Hours of Rest,2026-05-14,941,323.5204,6,17387,3.94,1237,22.9
2026-05-17,O2Z_XApzvYc,Instant focus music  | Sitar Instrumental | 1 hour,2026-04-30,808,280.3955,5,12087,4.2,1249,23.13
2026-05-17,nASQJJ0M_Rs,Can't Think Clearly? | Sarod for Mental Reset | 1.5 Hours,2026-05-15,857,262.0138,6,18571,3.56,1100,20.38
2026-05-17,Ueean0nyIoI,Soothing Music | Veena for Tired Mind | 1.5 Hours,2026-05-12,583,150.1201,2,12956,3.35,926,17.16
2026-05-17,3LZYCjFOeS4,Focus Music Santoor | 40Hz Gamma Waves | 40 Min Deep Work,2026-04-15,331,122.9118,0,3241,1.97,1336,55.65
2026-05-17,NDoTueJoTRA,Calm an Overactive Mind | Chandra Raga | Deep Nervous System Healing,2026-05-16,477,107.4877,5,9637,3.77,811,15.02
2026-05-17,IwzyemqVh7c,Memory Recall | Sitar Music | Brainwave Entrainment | 20 Min,2026-04-12,512,88.8786,3,3736,3.56,624,52.03
2026-05-17,XSIsS9ZZgLg,Nervous System Reset | Quiet Your Mind with Dilruba Instrumental Music | 1 Hour,2026-04-23,395,72.4775,3,7603,3.06,660,15.76
2026-05-17,ZyV0OfIdDKs,Concentration Music | Deep Focus with Sitar,2026-04-30,409,45.2367,4,6648,3.32,398,33.15
2026-05-17,Tw2jFE-srGc,Mind at Rest | Sitar & Alpha Waves | 1 Hour Anxiety Relief Music,2026-04-21,259,32.8832,1,5736,3.14,457,12.73
2026-05-17,3TayWGNOyrY,Digital Detox Music | Dilruba Strings | Neural Rest | 1 Hour,2026-04-11,62,20.5802,2,1808,2.38,1194,33.18
2026-05-17,dyb6inFSyik,Tabla Music for Morning Focus & Motivation | 40Hz Gamma Energy,2026-04-13,230,19.0371,3,2485,5.43,297,8.95
2026-05-17,PCshMQuu41I,ADHD Brain Fog Music | Sitar + 40Hz Gamma | 1 Hour Focus,2026-04-20,157,14.477,5,4135,2.68,331,9.21
2026-05-17,sVWGIOKA8gY,Deep Focus Music | 40Hz Gamma Binaural Beats for Concentration,2026-04-05,149,10.9883,1,869,10.47,265,18.86
2026-05-17,4jtrdy4lfQU,Let Go Before Sleep | 40 Min Tanpura Drone for Insomnia & Calm,2026-04-19,110,10.7126,2,3426,2.1,350,14.59
2026-05-17,bM4M5T6wW48,Brain Fog? | Think Clearly with Sarangi 40Hz Gamma | 1 Hour,2026-04-07,106,8.69,2,1306,5.74,295,8.2
2026-05-17,FQdazFAHWOo,Overthinking? Trust Your Gut | Swaramandal Delta Waves for Intuition Awakening,2026-04-14,54,6.5635,0,1863,1.66,437,8.9
2026-05-17,8XDHxadprKs,Positive Vibes Music | Feel Good Hour | 1 Hour,2026-04-13,96,6.3802,0,1985,3.17,239,6.64
2026-05-17,sGmvP8MMitg,Focus Music | Bamboo Flute 40Hz | Deep Work 1 Hour,2026-04-14,74,5.7526,1,1919,3.23,279,6.32
2026-05-17,0tbB-bD6wz0,Bansuri for Anxiety & Overthinking 🌿 | Mind Too Loud | 528Hz,2026-04-16,73,5.3932,1,2161,2.36,265,7.38
2026-05-17,62FI6ji47L8,Emotional Release | Violin & 40Hz Gamma Waves | 1 Hour Emotional Healing Music,2026-04-11,67,5.3921,1,1783,2.08,289,8.05
2026-05-17,1zXHn2Bpmms,Overcome Procrastination | Esraj Music | Start working now,2026-04-10,54,5.2602,0,1684,2.26,350,9.73
2026-05-17,o71DBMDTHyc,Mindful Music | Relaxation | 40Hz Gamma Binaural Beats,2026-04-06,49,4.3812,1,1146,2.97,321,13.59
2026-05-17,LMnHS9drakg,Cello for Creative Flow | 20 Min Focus | 6Hz Theta Waves,2026-04-09,35,4.009,0,1659,1.15,412,34.28
2026-05-17,aaaQjaYIiAg,Can't Focus? | 10 Min Deep Work Session | Raga-Inspired Piano Music,2026-04-08,51,2.9541,0,1456,1.85,208,34.58
2026-05-17,LZ8FJoKp1TA,Anxiety Relief Music | Sitar & Alpha Waves | 1 Hour Session,2026-04-17,37,2.8281,1,2161,1.3,275,7.83
2026-05-17,9xnTYcsyDig,Jet Lag Recovery | Sarod Echoes & 4.5Hz Theta | 1 Hour Session,2026-04-18,48,2.2321,0,2112,1.52,167,5.04
2026-05-17,eTi77RazJHM,Hear This · Electric Oud Fusion · 1 Minute Mood Reset #meditationmusic  #1minutecalm #focusmusic,2026-05-02,204,2.1766,0,1004,5.58,51,84.49
2026-05-17,SHCYDfIMMkg,Feel Good · Gentle Acoustic Guitar · 1-Minute Mood Lift  #focusmusic #deepwork #indianclassicalmusic,2026-05-03,190,1.7892,1,1627,3.75,45,76.44
2026-05-17,pyw51HQXMiQ,1-Min Sitar Meditation · Indian Classical Calm #sitar #sitarmusic #meditationmusic #relaxingmusic,2026-05-03,293,1.6268,0,2051,5.95,29,48.34
2026-05-17,DT0vCc17EGk,Burnout Music | Tanpura & Delta Waves | Nervous System Reset | 1 Hour,2026-04-12,17,1.1514,0,1822,0.49,243,6.77
2026-05-17,mboU-eNrY-o,Pause Here · 1 Minute Tanpura Calm · Reset Your Mind 🌙,2026-05-02,138,0.7571,0,1160,2.07,27,45.43
2026-05-17,pivzhMAQFuQ,Deep Rest Music | Relax Your Mind Body and Soul | Bansuri Instrumental,,1,0.0157,0,0,0.0,56,0.52
2026-05-19,SEw8IsSXRSU,Sitar for Dopamine Reset | Indian Classical Music for Mindfulness,2026-04-29,495672,123464.0966,5636,10667336,3.25,896,16.6
2026-05-19,m6aFcw2f58o,Deep Rest Music | Find Stillness with Surbahar | 1 Hour,2026-04-28,36176,12511.2942,264,736830,3.71,1245,23.05
2026-05-19,AVg7n2rEBG4,Productive Day Music | Positive Morning Vibes | 1 Hour Bansuri Session,2026-05-05,27256,11070.8671,205,413924,4.92,1462,27.08
2026-05-19,QNmoY_K5MxI,Bansuri for Sound Sleep | Deep Sleep Music | 1 Hour,2026-05-07,41836,9393.5896,302,692329,5.05,808,14.97
2026-05-19,52YU6Q64zVw,Sitar for Nervous System Healing | Indian Classical Music for Calmness | 1 Hour,2026-05-05,12845,5682.5763,47,213946,4.2,1592,29.47
2026-05-19,mjd89dJLam0,Yoga Music | Positive Energy Frequency | 1 Hour,2026-05-07,10814,5340.7,45,167305,4.76,1777,32.92
2026-05-19,cLfbEA5506U,Calm Music | Sitar for Cortisol Reset | 1.5 hours healing,2026-05-11,7655,3285.7695,29,144499,3.9,1545,28.62
2026-05-19,DMcoOLvmAyQ,Morning Energy Music | Dilruba Raga Yaman | 1 Hour,2026-05-09,6832,3039.0858,54,95554,5.21,1601,29.66
2026-05-19,P-DIkbxipB8,Comfort Music | Healing Music with Sarangi | 1 Hour,2026-05-04,7020,2784.8399,43,159952,3.21,1428,26.45
2026-05-19,KeEFFkaCMRk,Joyful Music | Positive Vibes Music with Santoor | 1 Hour,2026-05-08,6352,2440.68,42,97566,4.89,1383,25.62
2026-05-19,Z6dZjnUzNXQ,Release Stress | Burnout Music | Santoor & 528Hz,2026-04-27,5170,2185.5825,21,85624,4.36,1521,33.81
2026-05-19,h7jE3BbxdN4,Calm Your Mind |  Veena Healing Music | 1 hour,2026-04-26,5157,2116.5482,24,68405,5.65,1477,33.11
2026-05-19,7PDDveKXLbs,Can't Fall Asleep | Raga Yaman Bansuri | Delta Wave Sleep Session | 1 Hour,2026-04-22,7627,2045.956,62,112644,5.23,965,22.99
2026-05-19,Cih09cj7bnY,Morning Motivation | Sitar Music Instrumental | 1.5 Hours,2026-05-16,4534,1818.2116,38,75800,4.81,1443,26.73
2026-05-19,pivzhMAQFuQ,Deep Rest Music | Relax Your Mind Body and Soul | Bansuri Instrumental,2026-05-17,2646,1612.8247,14,35239,4.86,2194,20.32
2026-05-19,Bc92MEMzd5g,Burnout Recovery | Vagus Nerve Reset with Surbahar | 1 Hour,2026-05-09,4190,1567.53,22,87358,3.62,1346,24.94
2026-05-19,pMDVh0dzUdI,Anxiety Relief Music | Clear Your Mind | 1 Hour Dilruba Session,2026-05-01,3011,1505.6577,8,44827,4.62,1800,33.33
2026-05-19,BXdEaCum01I,Nostalgia Music | Healing Music with Sarangi | 1.5 Hour,2026-05-10,3011,1164.4535,24,51920,4.18,1392,25.78
2026-05-19,1jrBZH4K_S8,Peaceful Music | Soothing Music with Veena | 1 Hour,2026-05-06,2488,1088.6904,14,43200,4.31,1575,29.19
2026-05-19,5UGTuyNHHHE,Stress Relief Music | Deep Meditation with Veena Raga & 432Hz | 1 Hour,2026-04-24,2502,802.3802,17,44332,3.94,1154,27.49
2026-05-19,Y6Ob2P34DHA,Overthinking Music | Healing with Bamboo Flute & Tanpura | 1 Hour,2026-05-03,1735,659.0642,18,31941,4.19,1367,25.32
2026-05-19,g3v4KTVRNEQ,Relaxation Music | Bansuri Raga & 432Hz Evening Session | 1 Hour,2026-04-25,1445,521.8629,7,26604,3.83,1300,28.89
2026-05-19,DubeTsFevyI,Start Your Day With Peace | Calm Bansuri Meditation | 1.5 hours,2026-05-13,1686,510.9966,13,32965,3.7,1091,20.21
2026-05-19,NDoTueJoTRA,Calm an Overactive Mind | Chandra Raga | Deep Nervous System Healing,2026-05-16,1541,469.7604,16,29293,3.99,1097,20.32
2026-05-19,izpOuUSyH5Q,Morning Energy Music | Santoor Instrumental | Positive Vibes,2026-05-14,1587,432.2592,13,28084,4.06,980,18.15
2026-05-19,nASQJJ0M_Rs,Mental Clarity Music | Slow Sarod | Brain Fog Reset,2026-05-15,1452,410.798,13,31064,3.6,1018,18.86
2026-05-19,O8z-M9lOIzM,Insomnia Relief Music | Tanpura Drone | 1.5 Hours,2026-05-13,1529,388.8805,19,25527,4.59,915,16.96
2026-05-19,FsYTGhdm2uM,Breathe And Relax | Slow Down Music | Veena Instrumental,2026-05-02,1082,374.7862,15,17078,4.23,1246,23.09
2026-05-19,eaxs5hLcD4U,Sound Healing Music | Slow Surbahar | 1.5 Hours of Rest,2026-05-14,1079,357.7944,6,20119,3.86,1193,22.09
2026-05-19,O2Z_XApzvYc,Instant focus music  | Sitar Instrumental | 1 hour,2026-04-30,847,298.126,5,12864,4.16,1267,23.46
2026-05-19,Ueean0nyIoI,Soothing Music | Veena for Tired Mind | 1.5 Hours,2026-05-12,623,159.8255,4,14231,3.28,923,17.1
2026-05-19,xY3GQ28LBn0,Healing Music | Sarangi for Emotional Release | 1.5 Hours,2026-05-18,629,159.4533,4,12893,3.78,912,16.9
2026-05-19,3LZYCjFOeS4,Focus Music Santoor | 40Hz Gamma Waves | 40 Min Deep Work,2026-04-15,390,144.0143,0,3761,1.91,1329,55.34
2026-05-19,0n08FIuVMyw,Uplifting Music | Dilruba for Morning Energy | 1.5 Hours,2026-05-19,451,131.6701,-1,7399,4.0,1051,19.46
2026-05-19,IwzyemqVh7c,Brain Reset Music | Sitar for Mental Clarity | 20 Minutes,2026-04-12,548,97.1944,4,4188,3.56,638,53.16
2026-05-19,XSIsS9ZZgLg,Nervous System Reset | Quiet Your Mind with Dilruba Instrumental Music | 1 Hour,2026-04-23,408,72.6829,4,8073,3.01,641,15.3
2026-05-19,ZyV0OfIdDKs,Mental Break | Sitar for Mind Reset | 1 hr,2026-04-30,437,48.1134,4,7384,3.22,396,33.0
2026-05-19,Tw2jFE-srGc,Mind at Rest | Sitar & Alpha Waves | 1 Hour Anxiety Relief Music,2026-04-21,283,38.1361,1,6387,3.1,485,13.51
2026-05-19,dyb6inFSyik,Tabla Music for Morning Focus & Motivation | 40Hz Gamma Energy,2026-04-13,262,23.9846,3,2921,5.31,329,9.89
2026-05-19,3TayWGNOyrY,Switch Off | Dilruba Music for Digital Detox | 1 Hour Reset,2026-04-11,75,22.5574,2,2145,2.47,1082,30.07
2026-05-19,sVWGIOKA8gY,Deep Focus Music | 40Hz Gamma Binaural Beats for Concentration,2026-04-05,164,11.5586,1,933,11.36,253,18.02
2026-05-19,PCshMQuu41I,ADHD Brain Fog Music | Sitar + 40Hz Gamma | 1 Hour Focus,2026-04-20,134,9.3276,3,3160,3.1,250,6.96
2026-05-19,bM4M5T6wW48,Brain Fog? | Think Clearly with Sarangi 40Hz Gamma | 1 Hour,2026-04-07,122,8.9253,2,1570,5.54,263,7.31
2026-05-19,4jtrdy4lfQU,Let Go Before Sleep | 40 Min Tanpura Drone for Insomnia & Calm,2026-04-19,84,8.5495,2,2804,2.03,366,15.25
2026-05-19,sGmvP8MMitg,Focus Music | Bamboo Flute 40Hz | Deep Work 1 Hour,2026-04-14,86,6.9023,1,2232,3.18,288,6.52
2026-05-19,FQdazFAHWOo,Overthinking? Trust Your Gut | Swaramandal Delta Waves for Intuition Awakening,2026-04-14,61,6.6426,0,2172,1.84,392,7.98
2026-05-19,8XDHxadprKs,Positive Vibes Music | Feel Good Hour | 1 Hour,2026-04-13,111,6.2304,0,2336,3.25,202,5.61
2026-05-19,1zXHn2Bpmms,Overcome Procrastination | Esraj Music | Start working now,2026-04-10,57,5.9105,0,1948,2.1,373,10.36
2026-05-19,o71DBMDTHyc,Mindful Music | Relaxation | 40Hz Gamma Binaural Beats,2026-04-06,59,5.8996,2,1345,2.97,359,15.2
2026-05-19,62FI6ji47L8,Emotional Detox | Healing Violin | 1 Hour Release,2026-04-11,67,5.8995,1,2047,1.91,316,8.8
2026-05-19,0tbB-bD6wz0,Bansuri for Anxiety & Overthinking 🌿 | Mind Too Loud | 528Hz,2026-04-16,79,4.7942,1,2527,2.26,218,6.06
2026-05-19,LZ8FJoKp1TA,Anxiety Relief Music | Slow Sitar |1 hour session,2026-04-17,52,4.524,1,2435,1.52,313,8.91
2026-05-19,LMnHS9drakg,Cello for Creative Flow | 20 Min Focus | 6Hz Theta Waves,2026-04-09,40,4.1944,1,1946,1.18,377,31.38
2026-05-19,aaaQjaYIiAg,Can't Focus? | 10 Min Deep Work Session | Raga-Inspired Piano Music,2026-04-08,54,3.0085,0,1724,1.86,200,33.26
2026-05-19,eTi77RazJHM,Hear This · Electric Oud Fusion · 1 Minute Mood Reset #meditationmusic  #1minutecalm #focusmusic,2026-05-02,238,2.3128,0,1172,5.63,46,76.03
2026-05-19,SHCYDfIMMkg,Feel Good · Gentle Acoustic Guitar · 1-Minute Mood Lift  #focusmusic #deepwork #indianclassicalmusic,2026-05-03,214,1.8559,1,1881,3.67,43,71.86
2026-05-19,pyw51HQXMiQ,1-Min Sitar Meditation · Indian Classical Calm #sitar #sitarmusic #meditationmusic #relaxingmusic,2026-05-03,329,1.8506,0,2411,5.85,29,48.09
2026-05-19,mboU-eNrY-o,Pause Here · 1 Minute Tanpura Calm · Reset Your Mind 🌙,2026-05-02,164,0.8542,0,1409,2.48,25,41.72
2026-05-21,SEw8IsSXRSU,Sitar for Dopamine Reset | Indian Classical Music for Mindfulness,2026-04-29,546478,133521.2554,6256,11873087,3.23,879,16.29
2026-05-21,m6aFcw2f58o,Deep Rest Music | Find Stillness with Surbahar | 1 Hour,2026-04-28,37063,12755.8884,266,756099,3.7,1239,22.94
2026-05-21,AVg7n2rEBG4,Productive Day Music | Positive Morning Vibes | 1 Hour Bansuri Session,2026-05-05,28974,11713.1552,219,438811,4.93,1455,26.95
2026-05-21,QNmoY_K5MxI,Bansuri for Sound Sleep | Deep Sleep Music | 1 Hour,2026-05-07,44925,10085.925,318,747929,5.01,808,14.96
2026-05-21,52YU6Q64zVw,Sitar for Nervous System Healing | Indian Classical Music for Calmness | 1 Hour,2026-05-05,14798,6472.9444,56,244807,4.22,1574,29.13
2026-05-21,mjd89dJLam0,Yoga Music | Positive Energy Frequency | 1 Hour,2026-05-07,11562,5704.4265,48,178526,4.78,1776,32.89
2026-05-21,DMcoOLvmAyQ,Morning Energy Music | Dilruba Raga Yaman | 1 Hour,2026-05-09,8683,3851.7934,62,120966,5.24,1596,29.57
2026-05-21,cLfbEA5506U,Calm Music | Sitar for Cortisol Reset | 1.5 hours healing,2026-05-11,7810,3351.8812,32,147814,3.87,1545,28.61
2026-05-21,P-DIkbxipB8,Comfort Music | Healing Music with Sarangi | 1 Hour,2026-05-04,7131,2811.6934,45,162530,3.2,1419,26.29
2026-05-21,Cih09cj7bnY,Morning Motivation | Sitar Music Instrumental | 1.5 Hours,2026-05-16,6912,2780.6332,55,116356,4.73,1448,26.82
2026-05-21,KeEFFkaCMRk,Joyful Music | Positive Vibes Music with Santoor | 1 Hour,2026-05-08,6751,2591.2979,52,103279,4.88,1381,25.59
2026-05-21,pivzhMAQFuQ,3 Hour Bansuri Music for Relaxation | Indian Classical Music for Deep Sleep,2026-05-17,3917,2396.6776,24,48373,5.09,2202,20.39
2026-05-21,7PDDveKXLbs,Can't Fall Asleep | Raga Yaman Bansuri | Delta Wave Sleep Session | 1 Hour,2026-04-22,8632,2307.6574,66,125151,5.32,962,22.91
2026-05-21,Z6dZjnUzNXQ,Release Stress | Burnout Music | Santoor & 528Hz,2026-04-27,5211,2202.4893,21,86721,4.33,1521,33.81
2026-05-21,h7jE3BbxdN4,Calm Your Mind |  Veena Healing Music | 1 hour,2026-04-26,5242,2153.2499,24,69547,5.65,1478,33.13
2026-05-21,pMDVh0dzUdI,Anxiety Relief Music | Clear Your Mind | 1 Hour Dilruba Session,2026-05-01,4036,1985.7499,10,62852,4.53,1771,32.79
2026-05-21,Bc92MEMzd5g,Music for Burnout | Find Clamness with Surbahar | 1 Hour,2026-05-09,4280,1617.8909,22,89080,3.61,1360,25.2
2026-05-21,BXdEaCum01I,Nostalgia Music | Healing Music with Sarangi | 1.5 Hour,2026-05-10,3062,1182.4239,25,52791,4.18,1390,25.74
2026-05-21,1jrBZH4K_S8,Peaceful Music | Soothing Music with Veena | 1 Hour,2026-05-06,2525,1101.8115,15,43873,4.29,1570,29.11
2026-05-21,5UGTuyNHHHE,Stress Relief Music | Deep Meditation with Veena Raga & 432Hz | 1 Hour,2026-04-24,2545,819.3921,17,44883,3.93,1159,27.6
2026-05-21,Y6Ob2P34DHA,Overthinking Music | Healing with Bamboo Flute & Tanpura | 1 Hour,2026-05-03,1778,679.1872,18,32646,4.2,1375,25.47
2026-05-21,NDoTueJoTRA,Calm an Overactive Mind | Chandra Raga | Deep Nervous System Healing,2026-05-16,1942,588.9716,17,36695,3.85,1091,20.22
2026-05-21,DubeTsFevyI,Start Your Day With Peace | Calm Bansuri Meditation | 1.5 hours,2026-05-13,1744,531.1901,13,33769,3.71,1096,20.31
2026-05-21,g3v4KTVRNEQ,Relaxation Music | Bansuri Raga & 432Hz Evening Session | 1 Hour,2026-04-25,1466,531.093,7,27010,3.84,1304,28.98
2026-05-21,nASQJJ0M_Rs,Mental Clarity Music | Slow Sarod | Brain Fog Reset,2026-05-15,1672,505.9915,19,34821,3.69,1089,20.18
2026-05-21,izpOuUSyH5Q,Morning Energy Music | Santoor Instrumental | Positive Vibes,2026-05-14,1672,466.8428,15,29249,4.11,1005,18.61
2026-05-21,O8z-M9lOIzM,Insomnia Relief Music | Tanpura Drone | 1.5 Hours,2026-05-13,1605,407.0791,21,26443,4.66,913,16.91
2026-05-21,FsYTGhdm2uM,Breathe And Relax | Slow Down Music | Veena Instrumental,2026-05-02,1122,386.6561,15,17864,4.2,1240,22.97
2026-05-21,eaxs5hLcD4U,Sound Healing Music | Slow Surbahar | 1.5 Hours of Rest,2026-05-14,1122,367.9373,6,21145,3.82,1180,21.85
2026-05-21,0n08FIuVMyw,Uplifting Music | Dilruba for Morning Energy | 1.5 Hours,2026-05-19,1109,313.4928,3,19031,3.83,1017,18.84
2026-05-21,O2Z_XApzvYc,Instant focus music  | Sitar Instrumental | 1 hour,2026-04-30,873,309.7891,5,13326,4.16,1277,23.65
2026-05-21,xY3GQ28LBn0,Let Go Of Stress | Sarangi for Emotional Release | 1.5 Hours,2026-05-18,975,256.6521,8,19168,3.73,947,17.55
2026-05-21,mDCDS2TlK4k,1.5 Hour Sitar to Clear Your Mind Instantly | Indian Classical Music for Brain Detox,2026-05-19,534,172.4925,9,9617,4.37,1162,21.53
2026-05-21,Ueean0nyIoI,Soothing Music | Veena for Tired Mind | 1.5 Hours,2026-05-12,650,162.8089,5,14882,3.27,901,16.7
2026-05-21,3LZYCjFOeS4,Focus Music Santoor | 40Hz Gamma Waves | 40 Min Deep Work,2026-04-15,423,156.7031,0,4018,2.02,1333,55.52
2026-05-21,IwzyemqVh7c,Brain Reset Music | Sitar for Mental Clarity | 20 Minutes,2026-04-12,555,98.3088,4,4377,3.54,637,53.1
2026-05-21,XSIsS9ZZgLg,Nervous System Reset | Quiet Your Mind with Dilruba Instrumental Music | 1 Hour,2026-04-23,411,73.87,4,8304,2.96,647,15.44
2026-05-21,ZyV0OfIdDKs,Mental Break | Sitar for Mind Reset | 1 hr,2026-04-30,459,51.1786,5,7771,3.24,401,33.42
2026-05-21,Tw2jFE-srGc,Mind at Rest | Sitar & Alpha Waves | 1 Hour Anxiety Relief Music,2026-04-21,285,40.3979,1,6205,3.13,510,14.21
2026-05-21,dyb6inFSyik,Tabla Music for Morning Focus & Motivation | 40Hz Gamma Energy,2026-04-13,270,24.0855,3,3117,5.23,321,9.64
2026-05-21,3TayWGNOyrY,Switch Off | Dilruba Music for Digital Detox | 1 Hour Reset,2026-04-11,79,22.5722,2,2322,2.41,1028,28.56
2026-05-21,sVWGIOKA8gY,Deep Focus Music | 40Hz Gamma Binaural Beats for Concentration,2026-04-05,173,12.405,1,953,11.75,258,18.33
2026-05-21,PCshMQuu41I,ADHD Brain Fog Music | Sitar + 40Hz Gamma | 1 Hour Focus,2026-04-20,139,11.602,3,3338,3.0,300,8.34
2026-05-21,bM4M5T6wW48,Brain Fog? | Think Clearly with Sarangi 40Hz Gamma | 1 Hour,2026-04-07,130,10.0547,2,1696,5.54,278,7.73
2026-05-21,4jtrdy4lfQU,Let Go Before Sleep | 40 Min Tanpura Drone for Insomnia & Calm,2026-04-19,91,9.384,2,2999,2.13,371,15.45
2026-05-21,sGmvP8MMitg,Focus Music | Bamboo Flute 40Hz | Deep Work 1 Hour,2026-04-14,89,7.1251,1,2412,3.07,288,6.5
2026-05-21,8XDHxadprKs,Positive Vibes Music | Feel Good Hour | 1 Hour,2026-04-13,116,6.8315,0,2499,3.36,212,5.88
2026-05-21,62FI6ji47L8,Emotional Detox | Healing Violin | 1 Hour Release,2026-04-11,73,6.5181,1,2187,2.1,321,8.93
2026-05-21,1zXHn2Bpmms,Overcome Procrastination | Esraj Music | Start working now,2026-04-10,61,5.9815,0,2103,2.14,353,9.8
2026-05-21,LZ8FJoKp1TA,Anxiety Relief Music | Slow Sitar |1 hour session,2026-04-17,57,5.9698,1,2608,1.5,377,10.76
2026-05-21,o71DBMDTHyc,Mindful Music | Relaxation | 40Hz Gamma Binaural Beats,2026-04-06,59,5.9332,2,1461,2.87,362,15.29
2026-05-21,FQdazFAHWOo,Overthinking? Trust Your Gut | Swaramandal Delta Waves for Intuition Awakening,2026-04-14,68,5.9166,0,2341,1.96,313,6.37
2026-05-21,0tbB-bD6wz0,Bansuri for Anxiety & Overthinking 🌿 | Mind Too Loud | 528Hz,2026-04-16,81,4.8152,2,2706,2.22,214,5.94
2026-05-21,LMnHS9drakg,Cello for Creative Flow | 20 Min Focus | 6Hz Theta Waves,2026-04-09,42,4.2013,1,2109,1.19,360,29.93
2026-05-21,aaaQjaYIiAg,Can't Focus? | 10 Min Deep Work Session | Raga-Inspired Piano Music,2026-04-08,59,3.0366,0,1852,2.05,185,30.73
2026-05-21,eTi77RazJHM,Hear This · Electric Oud Fusion · 1 Minute Mood Reset #meditationmusic  #1minutecalm #focusmusic,2026-05-02,262,2.5017,0,1269,5.44,46,76.64
2026-05-21,pyw51HQXMiQ,1-Min Sitar Meditation · Indian Classical Calm #sitar #sitarmusic #meditationmusic #relaxingmusic,2026-05-03,359,2.3377,1,2613,5.86,34,56.34
2026-05-21,SHCYDfIMMkg,Feel Good · Gentle Acoustic Guitar · 1-Minute Mood Lift  #focusmusic #deepwork #indianclassicalmusic,2026-05-03,230,1.8939,1,2015,3.72,41,68.68
2026-05-21,mboU-eNrY-o,Pause Here · 1 Minute Tanpura Calm · Reset Your Mind 🌙,2026-05-02,186,1.024,1,1577,2.85,26,43.13
2026-05-22,SEw8IsSXRSU,Sitar for Dopamine Reset | Indian Classical Music for Mindfulness,2026-04-29,593231,142905.0438,6852,12969822,3.22,867,16.06
2026-05-22,m6aFcw2f58o,Deep Rest Music | Find Stillness with Surbahar | 1 Hour,2026-04-28,37688,12943.7866,270,770711,3.69,1236,22.89
2026-05-22,AVg7n2rEBG4,Productive Day Music | Positive Morning Vibes | 1 Hour Bansuri Session,2026-05-05,30874,12461.7947,226,466874,4.92,1453,26.91
2026-05-22,QNmoY_K5MxI,Bansuri for Sound Sleep | Deep Sleep Music | 1 Hour,2026-05-07,47794,10754.8011,335,796358,4.99,810,15.0
2026-05-22,52YU6Q64zVw,Sitar for Nervous System Healing | Indian Classical Music for Calmness | 1 Hour,2026-05-05,17606,7618.9992,65,291401,4.22,1557,28.82
2026-05-22,mjd89dJLam0,Yoga Music | Positive Energy Frequency | 1 Hour,2026-05-07,12259,6057.1746,52,188748,4.8,1778,32.94
2026-05-22,DMcoOLvmAyQ,Morning Energy Music | Dilruba Raga Yaman | 1 Hour,2026-05-09,11017,4845.1975,72,155203,5.19,1583,29.32
2026-05-22,cLfbEA5506U,Calm Music | Sitar for Cortisol Reset | 1.5 hours healing,2026-05-11,7977,3407.7709,35,151476,3.86,1537,28.48
2026-05-22,Cih09cj7bnY,Morning Motivation | Sitar Music Instrumental | 1.5 Hours,2026-05-16,8273,3335.7052,68,139239,4.62,1451,26.88
2026-05-22,pivzhMAQFuQ,3 Hour Bansuri Music for Relaxation | Indian Classical Music for Deep Sleep,2026-05-17,5140,3168.8708,35,59238,5.44,2219,20.55
2026-05-22,P-DIkbxipB8,Comfort Music | Healing Music with Sarangi | 1 Hour,2026-05-04,7234,2841.6416,45,164950,3.2,1414,26.19
2026-05-22,KeEFFkaCMRk,Joyful Music | Positive Vibes Music with Santoor | 1 Hour,2026-05-08,6997,2687.5161,53,107077,4.86,1382,25.61
2026-05-22,7PDDveKXLbs,Can't Fall Asleep | Raga Yaman Bansuri | Delta Wave Sleep Session | 1 Hour,2026-04-22,9329,2541.9303,61,134180,5.35,980,23.35
2026-05-22,pMDVh0dzUdI,Anxiety Relief Music | Clear Your Mind | 1 Hour Dilruba Session,2026-05-01,4660,2248.4424,12,77881,4.23,1736,32.16
2026-05-22,Z6dZjnUzNXQ,Release Stress | Burnout Music | Santoor & 528Hz,2026-04-27,5283,2233.9743,21,87877,4.32,1522,33.82
2026-05-22,h7jE3BbxdN4,Calm Your Mind |  Veena Healing Music | 1 hour,2026-04-26,5338,2196.2498,24,70864,5.62,1481,33.19
2026-05-22,Bc92MEMzd5g,Burnout Recovery | Vagus Nerve Reset with Surbahar | 1 Hour,2026-05-09,4357,1658.3569,23,90483,3.61,1370,25.37
2026-05-22,BXdEaCum01I,Nostalgia Music | Healing Music with Sarangi | 1.5 Hour,2026-05-10,3110,1197.9894,25,53501,4.17,1386,25.68
2026-05-22,1jrBZH4K_S8,Peaceful Music | Soothing Music with Veena | 1 Hour,2026-05-06,2550,1113.2214,15,44544,4.27,1571,29.13
2026-05-22,mDCDS2TlK4k,Sitar for Brain Detox | Clear Your Mind | 1.5 Hours of Indian Classical Music,2026-05-19,2334,931.413,19,39028,4.63,1436,26.6
2026-05-22,5UGTuyNHHHE,Stress Relief Music | Deep Meditation with Veena Raga & 432Hz | 1 Hour,2026-04-24,2590,840.6694,17,45404,3.94,1168,27.82
2026-05-22,Y6Ob2P34DHA,Overthinking Music | Healing with Bamboo Flute & Tanpura | 1 Hour,2026-05-03,1810,690.7566,18,33229,4.2,1373,25.44
2026-05-22,NDoTueJoTRA,Calm an Overactive Mind | Chandra Raga | Deep Nervous System Healing,2026-05-16,2216,666.9995,17,41034,3.9,1083,20.07
2026-05-22,nASQJJ0M_Rs,Mental Clarity Music | Slow Sarod | Brain Fog Reset,2026-05-15,2052,664.9336,22,40428,3.86,1166,21.6
2026-05-22,DubeTsFevyI,Start Your Day With Peace | Calm Bansuri Meditation | 1.5 hours,2026-05-13,1789,544.3387,13,34461,3.71,1095,20.28
2026-05-22,g3v4KTVRNEQ,Relaxation Music | Bansuri Raga & 432Hz Evening Session | 1 Hour,2026-04-25,1497,542.8845,7,27405,3.86,1305,29.01
2026-05-22,izpOuUSyH5Q,Morning Energy Music | Santoor Instrumental | Positive Vibes,2026-05-14,1759,487.4032,15,30342,4.18,997,18.47
2026-05-22,O8z-M9lOIzM,Insomnia Relief Music | Tanpura Drone | 1.5 Hours,2026-05-13,1655,419.6508,21,27124,4.67,912,16.9
2026-05-22,FsYTGhdm2uM,Breathe And Relax | Slow Down Music | Veena Instrumental,2026-05-02,1184,416.4365,15,18635,4.27,1266,23.45
2026-05-22,eaxs5hLcD4U,Sound Healing Music | Slow Surbahar | 1.5 Hours of Rest,2026-05-14,1178,384.8407,6,22171,3.8,1176,21.76
2026-05-22,0n08FIuVMyw,Uplifting Music | Dilruba for Morning Energy | 1.5 Hours,2026-05-19,1363,383.1842,3,23382,3.93,1012,18.74
2026-05-22,xY3GQ28LBn0,Let Go Of Stress | Sarangi for Emotional Release | 1.5 Hours,2026-05-18,1198,326.5137,9,23632,3.71,981,18.17
2026-05-22,O2Z_XApzvYc,Instant focus music  | Sitar Instrumental | 1 hour,2026-04-30,900,320.6008,6,13700,4.16,1282,23.74
2026-05-22,3LZYCjFOeS4,Focus Music Santoor | 40Hz Gamma Waves | 40 Min Deep Work,2026-04-15,476,180.5505,0,4339,1.98,1365,56.85
2026-05-22,Ueean0nyIoI,Soothing Music | Veena for Tired Mind | 1.5 Hours,2026-05-12,674,167.5489,5,15468,3.26,894,16.57
2026-05-22,0Vv0INZ2sVI,Mental Stillness Music | Slow Santoor | 1.5 Hours,2026-05-20,395,109.923,2,7776,3.69,1001,18.66
2026-05-22,IwzyemqVh7c,Brain Reset Music | Sitar for Mental Clarity | 20 Minutes,2026-04-12,560,99.1567,4,4565,3.46,637,53.08
2026-05-22,XSIsS9ZZgLg,Nervous System Reset | Quiet Your Mind with Dilruba Instrumental Music | 1 Hour,2026-04-23,430,76.6769,4,8542,3.06,641,15.32
2026-05-22,YZ3xQsejPEs,Morning Meditation Music | Tanpura Instrumental | 1.5 Hours of Peaceful Focus,2026-05-21,207,60.7556,0,3039,4.94,1056,19.56
2026-05-22,ZyV0OfIdDKs,Mental Break | Sitar for Mind Reset | 1 hr,2026-04-30,475,53.0795,5,8097,3.2,402,33.5
2026-05-22,Tw2jFE-srGc,Mind at Rest | Sitar & Alpha Waves | 1 Hour Anxiety Relief Music,2026-04-21,292,44.6006,2,6323,3.05,549,15.32
2026-05-22,dyb6inFSyik,Tabla Music for Morning Focus & Motivation | 40Hz Gamma Energy,2026-04-13,282,24.4561,3,3313,5.19,312,9.37
2026-05-22,3TayWGNOyrY,Switch Off | Dilruba Music for Digital Detox | 1 Hour Reset,2026-04-11,90,24.383,2,2514,2.47,975,27.08
2026-05-22,PCshMQuu41I,ADHD Brain Fog Music | Sitar + 40Hz Gamma | 1 Hour Focus,2026-04-20,150,13.0793,3,3526,3.01,313,8.71
2026-05-22,sVWGIOKA8gY,Deep Focus Music | 40Hz Gamma Binaural Beats for Concentration,2026-04-05,183,12.8086,2,1004,12.35,251,17.9
2026-05-22,LMnHS9drakg,Cello for Creative Flow | 20 Min Focus | 6Hz Theta Waves,2026-04-09,94,11.8672,1,2363,2.92,454,37.78
2026-05-22,4jtrdy4lfQU,Let Go Before Sleep | 40 Min Tanpura Drone for Insomnia & Calm,2026-04-19,98,10.7334,2,3196,2.19,394,16.41
2026-05-22,bM4M5T6wW48,Brain Fog? | Think Clearly with Sarangi 40Hz Gamma | 1 Hour,2026-04-07,139,10.5049,2,1844,5.53,272,7.56
2026-05-22,62FI6ji47L8,Emotional Detox | Healing Violin | 1 Hour Release,2026-04-11,85,7.6857,1,2358,2.37,325,9.04
2026-05-22,8XDHxadprKs,Positive Vibes Music | Feel Good Hour | 1 Hour,2026-04-13,122,7.4376,0,2674,3.29,219,6.09
2026-05-22,sGmvP8MMitg,Focus Music | Bamboo Flute 40Hz | Deep Work 1 Hour,2026-04-14,91,7.1651,1,2567,2.96,283,6.4
2026-05-22,LZ8FJoKp1TA,Anxiety Relief Music | Slow Sitar |1 hour session,2026-04-17,62,6.6876,1,2769,1.52,388,11.11
2026-05-22,1zXHn2Bpmms,Overcome Procrastination | Esraj Music | Start working now,2026-04-10,68,6.0262,0,2269,2.25,319,8.85
2026-05-22,FQdazFAHWOo,Overthinking? Trust Your Gut | Swaramandal Delta Waves for Intuition Awakening,2026-04-14,72,5.9822,0,2496,1.96,299,6.09
2026-05-22,o71DBMDTHyc,Mindful Music | Relaxation | 40Hz Gamma Binaural Beats,2026-04-06,65,5.9735,2,1591,2.95,330,13.97
2026-05-22,0tbB-bD6wz0,Bansuri for Anxiety & Overthinking 🌿 | Mind Too Loud | 528Hz,2026-04-16,83,5.2065,2,2899,2.14,225,6.27
2026-05-22,aaaQjaYIiAg,Can't Focus? | 10 Min Deep Work Session | Raga-Inspired Piano Music,2026-04-08,64,3.095,0,1941,2.22,174,28.87
2026-05-22,eTi77RazJHM,Hear This · Electric Oud Fusion · 1 Minute Mood Reset #meditationmusic  #1minutecalm #focusmusic,2026-05-02,274,2.5428,0,1344,5.13,46,75.84
2026-05-22,pyw51HQXMiQ,1-Min Sitar Meditation · Indian Classical Calm #sitar #sitarmusic #meditationmusic #relaxingmusic,2026-05-03,386,2.5028,1,2798,5.9,34,56.37
2026-05-22,SHCYDfIMMkg,Feel Good · Gentle Acoustic Guitar · 1-Minute Mood Lift  #focusmusic #deepwork #indianclassicalmusic,2026-05-03,241,1.9072,1,2135,3.61,40,66.95
2026-05-22,mboU-eNrY-o,Pause Here · 1 Minute Tanpura Calm · Reset Your Mind 🌙,2026-05-02,198,1.0947,1,1716,2.74,26,43.55
2026-05-22,ol5ryBrju2c,Deep Relaxation Music | Slow Surbahar | 1.5 Hours,2026-05-21,895,267.7,6,13900,4.4,1076,19.93
2026-05-27,SEw8IsSXRSU,Sitar for Dopamine Reset | Indian Classical Music for Mindfulness,2026-04-29,788268,182235.2429,9210,17083492,3.25,832,15.41
2026-05-27,DMcoOLvmAyQ,Morning Energy Music | Dilruba Raga Yaman | 1 Hour,2026-05-09,57275,21592.5142,400,998952,4.13,1357,25.14
2026-05-27,AVg7n2rEBG4,Productive Day Music | Positive Morning Vibes | 1 Hour Bansuri Session,2026-05-05,36855,14698.2803,273,556044,4.88,1435,26.58
2026-05-27,m6aFcw2f58o,Deep Rest Music | Find Stillness with Surbahar | 1 Hour,2026-04-28,41140,14084.8936,289,830291,3.7,1232,22.82
2026-05-27,QNmoY_K5MxI,Bansuri for Sound Sleep | Deep Sleep Music | 1 Hour,2026-05-07,59699,13682.6517,414,986346,4.97,825,15.28
2026-05-27,52YU6Q64zVw,Sitar for Nervous System Healing | Indian Classical Music for Calmness | 1 Hour,2026-05-05,26711,11025.7885,101,479426,3.87,1485,27.49
2026-05-27,mjd89dJLam0,Yoga Music | Positive Energy Frequency | 1 Hour,2026-05-07,18084,8791.9769,74,287989,4.62,1749,32.41
2026-05-27,pivzhMAQFuQ,3 Hour Bansuri Music for Relaxation | Indian Classical Music for Deep Sleep,2026-05-17,11302,6802.6182,87,116211,6.16,2165,20.05
2026-05-27,Cih09cj7bnY,Morning Motivation | Sitar Music Instrumental | 1.5 Hours,2026-05-16,12349,4989.9863,91,203294,4.5,1455,26.95
2026-05-27,mDCDS2TlK4k,Sitar for Brain Detox | Clear Your Mind | 1.5 Hours of Indian Classical Music,2026-05-19,11254,4844.8137,70,216381,3.79,1550,28.72
2026-05-27,7PDDveKXLbs,Can't Fall Asleep | Raga Yaman Bansuri | Delta Wave Sleep Session | 1 Hour,2026-04-22,15543,3874.5634,95,223968,5.4,897,21.37
2026-05-27,cLfbEA5506U,Calm Music | Sitar for Cortisol Reset | 1.5 hours healing,2026-05-11,8377,3530.7567,37,159934,3.81,1517,28.1
2026-05-27,KeEFFkaCMRk,Joyful Music | Positive Vibes Music with Santoor | 1 Hour,2026-05-08,8547,3349.2855,66,127166,4.96,1411,26.13
2026-05-27,pMDVh0dzUdI,Anxiety Relief Music | Clear Your Mind | 1 Hour Dilruba Session,2026-05-01,6581,3149.49,20,111921,4.14,1730,32.04
2026-05-27,P-DIkbxipB8,Comfort Music | Healing Music with Sarangi | 1 Hour,2026-05-04,7598,2970.3226,47,173421,3.18,1406,26.05
2026-05-27,Z6dZjnUzNXQ,Release Stress | Burnout Music | Santoor & 528Hz,2026-04-27,5460,2293.7821,23,91152,4.26,1512,33.6
2026-05-27,h7jE3BbxdN4,Calm Your Mind |  Veena Healing Music | 1 hour,2026-04-26,5405,2244.7382,24,71182,5.61,1495,33.5
2026-05-27,Bc92MEMzd5g,Music for Burnout | Find Clamness with Surbahar | 1 Hour,2026-05-09,4901,1851.8727,26,98674,3.7,1360,25.19
2026-05-27,BXdEaCum01I,Nostalgia Music | Healing Music with Sarangi | 1.5 Hour,2026-05-10,3321,1294.3321,25,56813,4.1,1403,25.98
2026-05-27,1jrBZH4K_S8,Peaceful Music | Soothing Music with Veena | 1 Hour,2026-05-06,2666,1160.274,16,47149,4.19,1566,29.04
2026-05-27,nASQJJ0M_Rs,Mental Clarity Music | Slow Sarod | Brain Fog Reset,2026-05-15,3049,1085.4068,26,54178,4.1,1281,23.73
2026-05-27,NDoTueJoTRA,Calm an Overactive Mind | Chandra Raga | Deep Nervous System Healing,2026-05-16,3120,1011.0419,26,53834,3.95,1165,21.59
2026-05-27,cWX2U5VgN6M,Morning Reset Music | Clear Your Head with Sarod Instrumental  | 1.5 hours,2026-05-23,2080,853.7039,14,34344,4.61,1476,27.34
2026-05-27,ol5ryBrju2c,Deep Relaxation Music | Slow Surbahar | 1.5 Hours,2026-05-21,2288,785.1832,16,36539,4.47,1235,22.87
2026-05-27,Y6Ob2P34DHA,Overthinking Music | Healing with Bamboo Flute & Tanpura | 1 Hour,2026-05-03,1941,732.491,18,35737,4.17,1358,25.16
2026-05-27,5UGTuyNHHHE,Stress Relief Music | Deep Meditation with Veena Raga & 432Hz | 1 Hour,2026-04-24,2009,711.2736,11,31813,4.13,1274,30.35
2026-05-27,DubeTsFevyI,Start Your Day With Peace | Calm Bansuri Meditation | 1.5 hours,2026-05-13,1948,586.217,14,37049,3.66,1083,20.06
2026-05-27,izpOuUSyH5Q,Morning Energy Music | Santoor Instrumental | Positive Vibes,2026-05-14,2128,584.0734,19,34349,4.39,988,18.29
2026-05-27,0n08FIuVMyw,Uplifting Music | Dilruba for Morning Energy | 1.5 Hours,2026-05-19,2076,574.1629,8,34429,4.2,995,18.43
2026-05-27,FsYTGhdm2uM,Breathe And Relax | Slow Down Music | Veena Instrumental,2026-05-02,1419,530.2083,15,22101,4.31,1345,24.91
2026-05-27,g3v4KTVRNEQ,Relaxation Music | Bansuri Raga & 432Hz Evening Session | 1 Hour,2026-04-25,1288,491.6679,7,22422,3.97,1374,30.53
2026-05-27,O8z-M9lOIzM,Insomnia Relief Music | Tanpura Drone | 1.5 Hours,2026-05-13,1850,469.6331,21,29797,4.71,913,16.92
2026-05-27,xY3GQ28LBn0,Let Go Of Stress | Sarangi for Emotional Release | 1.5 Hours,2026-05-18,1736,469.1366,15,32478,3.89,972,18.02
2026-05-27,ZwJiMj0Vjak,Restless Mind | Slow Veena | 1.5 Hours of Rest,2026-05-23,1557,462.5189,9,32098,3.61,1069,19.8
2026-05-27,eaxs5hLcD4U,Sound Healing Music | Slow Surbahar | 1.5 Hours of Rest,2026-05-14,1368,448.6253,6,25712,3.71,1180,21.85
2026-05-27,qZZuJV79mDc,1.5 Hour Bansuri to Unwind | Breathe and Let Go,2026-05-22,1687,416.3916,17,30366,4.06,890,16.49
2026-05-27,YZ3xQsejPEs,Morning Meditation Music | Tanpura Instrumental | 1.5 Hours of Peaceful Focus,2026-05-21,1153,357.6164,7,19396,4.37,1120,20.74
2026-05-27,O2Z_XApzvYc,Instant focus music  | Sitar Instrumental | 1 hour,2026-04-30,1012,355.1364,7,15353,4.26,1263,23.39
2026-05-27,TXfk2UU5MjI,Stress Relief Music | Santoor Instrumental | 3 Hours,2026-05-24,784,342.832,2,12346,4.13,1574,14.57
2026-05-27,95NmnEaWJGw,Sitar Music to Start Your Morning Right | 1.5 Hours,2026-05-26,917,326.9653,7,15105,4.9,1283,23.77
2026-05-27,3LZYCjFOeS4,Focus Music Santoor | 40Hz Gamma Waves | 40 Min Deep Work,2026-04-15,573,212.3636,0,5441,1.98,1332,55.48
2026-05-27,0Vv0INZ2sVI,Mental Stillness Music | Slow Santoor | 1.5 Hours,2026-05-20,751,201.4503,7,14404,3.68,964,17.96
2026-05-27,Ueean0nyIoI,Soothing Music | Veena for Tired Mind | 1.5 Hours,2026-05-12,750,185.6761,6,17599,3.1,891,16.5
2026-05-27,5hYSZG2qPXc,Inner Peace Music | Sarangi Healing | 1.5 Hours,2026-05-25,617,170.7161,3,13881,3.39,996,18.44
2026-05-27,IwzyemqVh7c,Brain Reset Music | Sitar for Mental Clarity | 20 Minutes,2026-04-12,585,100.5847,4,5315,3.44,618,51.54
2026-05-27,XSIsS9ZZgLg,Nervous System Reset | Quiet Your Mind with Dilruba Instrumental Music | 1 Hour,2026-04-23,391,76.1414,4,7615,3.07,701,16.73
2026-05-27,ZyV0OfIdDKs,Mental Break | Sitar for Mind Reset | 1 hr,2026-04-30,544,63.7802,5,9474,3,422,35.14
2026-05-27,Tw2jFE-srGc,Mind at Rest | Sitar & Alpha Waves | 1 Hour Anxiety Relief Music,2026-04-21,328,52.098,2,7000,2.91,571,15.93
2026-05-27,8XDHxadprKs,Positive Vibes Music | Feel Good Hour | 1 Hour,2026-04-13,190,28.6264,0,3442,3.98,542,15.05
2026-05-27,dyb6inFSyik,Tabla Music for Morning Focus & Motivation | 40Hz Gamma Energy,2026-04-13,356,28.4828,4,4184,4.59,288,8.65
2026-05-27,3TayWGNOyrY,Switch Off | Dilruba Music for Digital Detox | 1 Hour Reset,2026-04-11,140,28.347,2,3275,3.08,728,20.24
2026-05-27,LMnHS9drakg,Cello for Creative Flow | 20 Min Focus | 6Hz Theta Waves,2026-04-09,233,27.0672,1,3321,3.58,418,34.76
2026-05-27,sVWGIOKA8gY,Deep Focus Music | 40Hz Gamma Binaural Beats for Concentration,2026-04-05,265,15.1791,5,1289,14.51,206,14.65
2026-05-27,PCshMQuu41I,ADHD Brain Fog Music | Sitar + 40Hz Gamma | 1 Hour Focus,2026-04-20,171,13.8795,3,4340,2.7,292,8.11
2026-05-27,bM4M5T6wW48,Brain Fog? | Think Clearly with Sarangi 40Hz Gamma | 1 Hour,2026-04-07,185,12.0023,3,2485,5.63,233,6.49
2026-05-27,4jtrdy4lfQU,Let Go Before Sleep | 40 Min Tanpura Drone for Insomnia & Calm,2026-04-19,119,11.1262,2,4018,2.26,336,14.01
2026-05-27,62FI6ji47L8,Emotional Detox | Healing Violin | 1 Hour Release,2026-04-11,114,10.2502,2,3039,2.76,323,8.99
2026-05-27,sGmvP8MMitg,Focus Music | Bamboo Flute 40Hz | Deep Work 1 Hour,2026-04-14,108,7.8943,2,3275,2.69,263,5.94
2026-05-27,1zXHn2Bpmms,Overcome Procrastination | Esraj Music | Start working now,2026-04-10,105,7.3533,1,2937,2.76,252,7
2026-05-27,0tbB-bD6wz0,Bansuri for Anxiety & Overthinking 🌿 | Mind Too Loud | 528Hz,2026-04-16,118,6.9899,4,3681,2.44,213,5.92
2026-05-27,o71DBMDTHyc,Mindful Music | Relaxation | 40Hz Gamma Binaural Beats,2026-04-06,97,6.1229,3,2167,3.46,227,9.6
2026-05-27,FQdazFAHWOo,Overthinking? Trust Your Gut | Swaramandal Delta Waves for Intuition Awakening,2026-04-14,71,5.7105,0,2528,1.9,289,5.89
2026-05-27,pyw51HQXMiQ,1-Min Sitar Meditation · Indian Classical Calm #sitar #sitarmusic #meditationmusic #relaxingmusic,2026-05-03,491,3.5128,2,3839,5.7,36,59.95
2026-05-27,eTi77RazJHM,Hear This · Electric Oud Fusion · 1 Minute Mood Reset #meditationmusic  #1minutecalm #focusmusic,2026-05-02,373,3.3167,0,1796,5.18,43,71.42
2026-05-27,SHCYDfIMMkg,Feel Good · Gentle Acoustic Guitar · 1-Minute Mood Lift  #focusmusic #deepwork #indianclassicalmusic,2026-05-03,335,2.4457,1,3028,3.96,36,61.44
2026-05-27,mboU-eNrY-o,Pause Here · 1 Minute Tanpura Calm · Reset Your Mind 🌙,2026-05-02,255,1.4352,1,2412,2.74,26,43.21
2026-05-28,SEw8IsSXRSU,Sitar for Dopamine Reset | Indian Classical Music for Mindfulness,2026-04-29,825967,190655.858,9610,17889646,3.25,830,15.39
2026-05-28,DMcoOLvmAyQ,Morning Energy Music | Dilruba Raga Yaman | 1 Hour,2026-05-09,74862,27693.7073,514,1369737,3.89,1331,24.66
2026-05-28,AVg7n2rEBG4,Productive Day Music | Positive Morning Vibes | 1 Hour Bansuri Session,2026-05-05,37899,15180.1359,278,568868,4.89,1441,26.7
2026-05-28,QNmoY_K5MxI,Bansuri for Sound Sleep | Deep Sleep Music | 1 Hour,2026-05-07,63244,14609.7141,441,1035236,4.99,831,15.4
2026-05-28,m6aFcw2f58o,Deep Rest Music | Find Stillness with Surbahar | 1 Hour,2026-04-28,41551,14216.7963,290,838609,3.69,1231,22.81
2026-05-28,52YU6Q64zVw,Sitar for Nervous System Healing | Indian Classical Music for Calmness | 1 Hour,2026-05-05,28901,11835.2312,111,531696,3.76,1474,27.28
2026-05-28,mjd89dJLam0,Yoga Music | Positive Energy Frequency | 1 Hour,2026-05-07,19268,9378.4238,80,305604,4.62,1752,32.45
2026-05-28,pivzhMAQFuQ,3 Hour Bansuri Music for Relaxation | Indian Classical Music for Deep Sleep,2026-05-17,12183,7454.7542,90,123449,6.2,2202,20.39
2026-05-28,mDCDS2TlK4k,Sitar for Brain Detox | Clear Your Mind | 1.5 Hours of Indian Classical Music,2026-05-19,13424,5824.1748,75,269016,3.57,1561,28.92
2026-05-28,Cih09cj7bnY,Morning Motivation | Sitar Music Instrumental | 1.5 Hours,2026-05-16,12820,5197.6519,93,210197,4.49,1459,27.03
2026-05-28,7PDDveKXLbs,Can't Fall Asleep | Raga Yaman Bansuri | Delta Wave Sleep Session | 1 Hour,2026-04-22,16485,4071.8276,100,239791,5.35,889,21.17
2026-05-28,KeEFFkaCMRk,Joyful Music | Positive Vibes Music with Santoor | 1 Hour,2026-05-08,9012,3575.9573,66,132486,5.02,1428,26.45
2026-05-28,cLfbEA5506U,Calm Music | Sitar for Cortisol Reset | 1.5 hours healing,2026-05-11,8466,3548.2755,38,160721,3.8,1508,27.94
2026-05-28,pMDVh0dzUdI,Anxiety Relief Music | Clear Your Mind | 1 Hour Dilruba Session,2026-05-01,7034,3398.028,21,117396,4.21,1739,32.2
2026-05-28,P-DIkbxipB8,Comfort Music | Healing Music with Sarangi | 1 Hour,2026-05-04,7640,2986.6221,47,174428,3.18,1407,26.06
2026-05-28,Z6dZjnUzNXQ,Release Stress | Burnout Music | Santoor & 528Hz,2026-04-27,5457,2299.0208,23,90977,4.25,1516,33.7
2026-05-28,h7jE3BbxdN4,Calm Your Mind | Veena Healing Music | 1 hour,2026-04-26,5391,2242.9681,24,70737,5.62,1497,33.56
2026-05-28,Bc92MEMzd5g,Burnout Recovery | Vagus Nerve Reset with Surbahar | 1 Hour,2026-05-09,5018,1898.0951,26,100429,3.72,1361,25.21
2026-05-28,BXdEaCum01I,Nostalgia Music | Healing Music with Sarangi | 1.5 Hour,2026-05-10,3353,1310.5311,25,57382,4.1,1407,26.06
2026-05-28,1jrBZH4K_S8,Peaceful Music | Soothing Music with Veena | 1 Hour,2026-05-06,2712,1178.1439,16,47919,4.18,1563,28.98
2026-05-28,95NmnEaWJGw,Sitar Music to Start Your Morning Right | 1.5 Hours,2026-05-26,2961,1159.5132,17,47336,4.72,1409,26.11
2026-05-28,nASQJJ0M_Rs,Mental Clarity Music | Slow Sarod | Brain Fog Reset,2026-05-15,3189,1144.2903,28,56126,4.1,1291,23.92
2026-05-28,NDoTueJoTRA,Calm an Overactive Mind | Chandra Raga | Deep Nervous System Healing,2026-05-16,3240,1059.3998,27,55301,3.96,1177,21.8
2026-05-28,cWX2U5VgN6M,Morning Reset Music | Clear Your Head with Sarod Instrumental | 1.5 hours,2026-05-23,2265,928.4084,16,37213,4.52,1475,27.32
2026-05-28,ol5ryBrju2c,Deep Relaxation Music | Slow Surbahar | 1.5 Hours,2026-05-21,2417,831.2258,17,38088,4.49,1238,22.92
2026-05-28,Y6Ob2P34DHA,Overthinking Music | Healing with Bamboo Flute & Tanpura | 1 Hour,2026-05-03,1964,738.9248,18,36120,4.17,1354,25.08
2026-05-28,5UGTuyNHHHE,Stress Relief Music | Deep Meditation with Veena Raga & 432Hz | 1 Hour,2026-04-24,1906,668.7867,11,28825,4.26,1263,30.08
2026-05-28,0n08FIuVMyw,Uplifting Music | Dilruba for Morning Energy | 1.5 Hours,2026-05-19,2134,594.2003,8,35477,4.16,1002,18.56
2026-05-28,DubeTsFevyI,Start Your Day With Peace | Calm Bansuri Meditation | 1.5 hours,2026-05-13,1971,588.8564,14,37455,3.65,1075,19.92
2026-05-28,izpOuUSyH5Q,Morning Energy Music | Santoor Instrumental | Positive Vibes,2026-05-14,2168,588.7311,20,34906,4.37,977,18.1
2026-05-28,FsYTGhdm2uM,Breathe And Relax | Slow Down Music | Veena Instrumental,2026-05-02,1497,555.7042,15,22951,4.36,1336,24.75
2026-05-28,ZwJiMj0Vjak,Restless Mind | Slow Veena | 1.5 Hours of Rest,2026-05-23,1787,544.1564,11,37074,3.61,1096,20.3
2026-05-28,TXfk2UU5MjI,Stress Relief Music | Santoor Instrumental | 3 Hours,2026-05-24,983,479.5163,2,14223,4.08,1756,16.26
2026-05-28,O8z-M9lOIzM,Insomnia Relief Music | Tanpura Drone | 1.5 Hours,2026-05-13,1876,476.9369,21,30253,4.68,915,16.95
2026-05-28,xY3GQ28LBn0,Let Go Of Stress | Sarangi for Emotional Release | 1.5 Hours,2026-05-18,1767,475.1406,15,33067,3.87,968,17.93
2026-05-28,qZZuJV79mDc,1.5 Hour Bansuri to Unwind | Breathe and Let Go,2026-05-22,1846,459.9516,18,32601,4.13,896,16.61
2026-05-28,g3v4KTVRNEQ,Relaxation Music | Bansuri Raga & 432Hz Evening Session | 1 Hour,2026-04-25,1168,451.0685,7,19189,4.16,1390,30.89
2026-05-28,eaxs5hLcD4U,Sound Healing Music | Slow Surbahar | 1.5 Hours of Rest,2026-05-14,1386,450.6503,6,26166,3.7,1170,21.66
2026-05-28,YZ3xQsejPEs,Morning Meditation Music | Tanpura Instrumental | 1.5 Hours of Peaceful Focus,2026-05-21,1193,369.4483,7,20112,4.34,1114,20.64
2026-05-28,O2Z_XApzvYc,Instant focus music | Sitar Instrumental | 1 hour,2026-04-30,1033,362.5434,7,15634,4.24,1263,23.39
2026-05-28,5hYSZG2qPXc,Inner Peace Music | Sarangi Healing | 1.5 Hours,2026-05-25,930,275.4577,3,20737,3.29,1066,19.74
2026-05-28,j-B5f9o9QHA,Overthinking Music | Dilruba Instrumental | 1.5 Hours,2026-05-26,703,214.0371,9,12095,3.96,1096,20.3
2026-05-28,0Vv0INZ2sVI,Mental Stillness Music | Slow Santoor | 1.5 Hours,2026-05-20,785,208.085,9,15165,3.66,954,17.77
2026-05-28,Ueean0nyIoI,Soothing Music | Veena for Tired Mind | 1.5 Hours,2026-05-12,763,186.2498,6,17913,3.08,878,16.27
2026-05-31,SEw8IsSXRSU,Sitar for Dopamine Reset | Indian Classical Music for Mindfulness,2026-04-29,915763,211961.8576,10557,19778164,3.25,833,15.43
2026-05-31,DMcoOLvmAyQ,Morning Energy Music | Dilruba Raga Yaman | 1 Hour,2026-05-09,114206,42502.5336,803,2120168,3.8,1339,24.81
2026-05-31,QNmoY_K5MxI,Bansuri for Sound Sleep | Deep Sleep Music | 1 Hour,2026-05-07,73852,17258.9276,503,1198853,4.98,841,15.58
2026-05-31,AVg7n2rEBG4,Productive Day Music | Positive Morning Vibes | 1 Hour Bansuri Session,2026-05-05,41162,16766.2074,299,607418,4.93,1466,27.15
2026-05-31,52YU6Q64zVw,Sitar for Nervous System Healing | Indian Classical Music for Calmness | 1.5 Hours,2026-05-05,36259,14495.4003,137,701047,3.55,1439,26.63
2026-05-31,m6aFcw2f58o,Deep Rest Music | Find Stillness with Surbahar | 1.5 Hours,2026-04-28,41498,14178.5936,280,836632,3.68,1230,22.77
2026-05-31,mjd89dJLam0,Yoga Music | Positive Energy Frequency | 1 Hour,2026-05-07,22981,11333.7917,96,357146,4.66,1775,32.88
2026-05-31,pivzhMAQFuQ,3 Hour Bansuri Music for Relaxation | Indian Classical Music for Deep Sleep,2026-05-17,16569,10738.1708,112,155494,6.17,2333,21.6
2026-05-31,mDCDS2TlK4k,Sitar for Brain Detox | Clear Your Mind | 1.5 Hours of Indian Classical Music,2026-05-19,18803,8419.7082,94,388887,3.36,1612,29.85
2026-05-31,Cih09cj7bnY,Morning Motivation | Sitar Music Instrumental | 1.5 Hours,2026-05-16,13831,5639.0933,101,224193,4.48,1467,27.18
2026-05-31,pMDVh0dzUdI,Anxiety Relief Music | Clear Your Mind | 1 Hour Dilruba Session,2026-05-01,10182,5026.2736,30,158695,4.55,1777,32.9
2026-05-31,7PDDveKXLbs,Can't Fall Asleep | Raga Yaman Bansuri | Delta Wave Sleep Session | 1 Hour,2026-04-22,19082,4687.2246,107,284058,5.21,884,21.05
2026-05-31,KeEFFkaCMRk,Joyful Music | Positive Vibes Music with Santoor | 1 Hour,2026-05-08,10868,4493.6725,73,155744,5.16,1488,27.57
2026-05-31,cLfbEA5506U,Calm Music | Sitar for Cortisol Reset | 1.5 hours healing,2026-05-11,9207,3735.8326,43,164765,3.8,1460,27.05
2026-05-31,95NmnEaWJGw,Sitar Music to Start Your Morning Right | 1.5 Hours,2026-05-26,7454,3353.0076,46,111399,4.79,1619,29.99
2026-05-31,P-DIkbxipB8,Comfort Music | Healing Music with Sarangi | 1 Hour,2026-05-04,7809,3047.366,48,177779,3.18,1404,26.02
2026-05-31,h7jE3BbxdN4,Calm Your Mind |  Veena Healing Music | 1 hour,2026-04-26,5584,2348.928,25,73006,5.61,1514,33.93
2026-05-31,Z6dZjnUzNXQ,Release Stress | Burnout Music | Santoor & 528Hz,2026-04-27,5502,2348.7722,22,90607,4.29,1536,34.14
2026-05-31,Bc92MEMzd5g,Burnout Recovery | Vagus Nerve Reset with Surbahar | 1 Hour,2026-05-09,5273,2034.3399,26,104787,3.73,1388,25.72
2026-05-31,BXdEaCum01I,Nostalgia Music | Healing Music with Sarangi | 1.5 Hour,2026-05-10,3448,1349.4147,26,58857,4.09,1408,26.09
2026-05-31,1jrBZH4K_S8,Peaceful Music | Soothing Music with Veena | 1 Hour,2026-05-06,2838,1241.4321,16,49873,4.2,1574,29.18
2026-05-31,nASQJJ0M_Rs,Mental Clarity Music | Slow Sarod | Brain Fog Reset,2026-05-15,3326,1194.5386,29,58139,4.07,1292,23.94
2026-05-31,NDoTueJoTRA,Calm an Overactive Mind | Chandra Raga | Deep Nervous System Healing,2026-05-16,3497,1183.7876,28,58517,3.95,1218,22.57
2026-05-31,TXfk2UU5MjI,Stress Relief Music | Santoor Instrumental | 3 Hours,2026-05-24,1727,1117.8092,8,21737,4.29,2330,21.57
2026-05-31,cWX2U5VgN6M,Morning Reset Music | Slow Sarod | Clear Your Head,2026-05-23,2484,1023.4166,17,40717,4.44,1483,27.46
2026-05-31,ol5ryBrju2c,Deep Relaxation Music | Slow Surbahar | 1.5 Hours,2026-05-21,2643,933.6638,17,41243,4.46,1271,23.55
2026-05-31,sSwLnfp77ig,Music for Morning Anxiety | Sarod Instrumental | 1.5 hrs,2026-05-28,2229,899.5302,7,45437,3.63,1452,26.9
2026-05-31,Y6Ob2P34DHA,Overthinking Music | Healing with Bamboo Flute & Tanpura | 1 Hour,2026-05-03,2027,762.3049,19,37497,4.13,1353,25.07
2026-05-31,0n08FIuVMyw,Uplifting Music | Dilruba for Morning Energy | 1.5 Hours,2026-05-19,2290,642.4307,11,37664,4.15,1009,18.7
2026-05-31,ZwJiMj0Vjak,Restless Mind | Slow Veena | 1.5 Hours of Rest,2026-05-23,2011,632.9445,11,41416,3.57,1133,20.98
2026-05-31,FsYTGhdm2uM,Breathe And Relax | Slow Down Music | Veena Instrumental,2026-05-02,1621,616.6808,15,24925,4.31,1369,25.36
2026-05-31,DubeTsFevyI,Start Your Day With Peace | Calm Bansuri Meditation | 1.5 hours,2026-05-13,2081,616.2206,14,38528,3.62,1066,19.74
2026-05-31,5UGTuyNHHHE,Stress Relief Music | Deep Meditation with Veena | 1 Hour,2026-04-24,1629,614.4863,9,23420,4.29,1357,32.33
2026-05-31,izpOuUSyH5Q,Morning Energy Music | Santoor Instrumental | Positive Vibes,2026-05-14,2242,603.7512,20,36114,4.33,969,17.95
2026-05-31,qZZuJV79mDc,1.5 Hour Bansuri to Unwind | Breathe and Let Go,2026-05-22,2084,516.996,21,35744,4.23,893,16.54
2026-05-31,O8z-M9lOIzM,Insomnia Relief Music | Tanpura Drone | 1.5 Hours,2026-05-13,1949,500.4284,21,31473,4.63,924,17.12
2026-05-31,j-B5f9o9QHA,Overthinking Music | Dilruba Instrumental | 1.5 Hours,2026-05-26,1601,494.7602,14,28296,3.78,1112,20.6
2026-05-31,xY3GQ28LBn0,Let Go Of Stress | Sarangi for Emotional Release | 1.5 Hours,2026-05-18,1829,488.7385,15,34425,3.82,961,17.81
2026-05-31,eaxs5hLcD4U,Sound Healing Music | Slow Surbahar | 1.5 Hours of Rest,2026-05-14,1430,464.9326,6,27532,3.61,1170,21.66
2026-05-31,g3v4KTVRNEQ,Relaxation Music | Bansuri Raga & 432Hz Evening Session | 1 Hour,2026-04-25,1173,453.868,7,19695,4.1,1392,30.95
2026-05-31,5hYSZG2qPXc,Inner Peace Music | Sarangi Healing | 1.5 Hours,2026-05-25,1386,427.7812,6,28855,3.33,1111,20.57
2026-05-31,YZ3xQsejPEs,Morning Meditation Music | Tanpura Instrumental | 1.5 Hours of Peaceful Focus,2026-05-21,1277,387.7728,7,21736,4.3,1093,20.24
2026-05-31,O2Z_XApzvYc,Instant focus music  | Sitar Instrumental | 1 hour,2026-04-30,1057,370.9666,7,15403,4.33,1263,23.39
2026-05-31,giuRQmp9E1c,Rest Your Mind | Surbahar for Calmness | 1.5 Hours,2026-05-27,1052,332.9058,5,22929,3.06,1139,21.1
2026-05-31,0Vv0INZ2sVI,Mental Stillness Music | Slow Santoor | 1.5 Hours,2026-05-20,875,235.6927,10,16971,3.61,969,18.06
2026-05-31,3LZYCjFOeS4,Focus Music Santoor | 40Hz Gamma Waves | 40 Min Deep Work,2026-04-15,583,214.6179,0,5960,1.96,1325,55.17
2026-05-31,Ueean0nyIoI,Soothing Music | Veena for Tired Mind | 1.5 Hours,2026-05-12,783,190.9839,6,18724,2.99,878,16.26
2026-05-31,ele9iYvf5x4,Sleep Music | Drift Off Effortlessly | 1.5 Hours Bansuri,2026-05-29,521,152.7452,5,10519,3.86,1055,19.54
2026-05-31,rXMUwrOvqqY,Good Energy Music | Santoor for Positive Vibes | 1.5 Hours,2026-05-28,630,143.9541,4,10162,4.41,822,15.23
2026-05-31,jEPphCcbJ80,Yoga & Meditation Music | Sarangi & Tabla | Indian Classical,2026-05-30,259,105.3094,2,5034,3.97,1463,27.11
2026-05-31,IwzyemqVh7c,Brain Reset Music | Sitar for Mental Clarity | 20 Minutes,2026-04-12,559,100.1959,2,5612,3.03,645,53.73
2026-05-31,XSIsS9ZZgLg,Nervous System Reset | Quiet Your Mind with Dilruba Instrumental Music | 1 Hour,2026-04-23,400,77.7634,4,7946,2.97,699,16.7
2026-05-31,Tw2jFE-srGc,Mind at Rest | Sitar & Alpha Waves | 1 Hour Anxiety Relief Music,2026-04-21,391,69.359,3,8306,2.9,638,17.79
2026-05-31,ZyV0OfIdDKs,Mental Break | Sitar for Mind Reset | 20 Minutes,2026-04-30,546,65.8379,6,9024,2.98,434,36.14
2026-05-31,8XDHxadprKs,Positive Vibes Music | Feel Good Hour | 1 Hour,2026-04-13,236,38.8429,0,3946,4.33,592,16.45
2026-05-31,dyb6inFSyik,Tabla Music for Morning Focus & Motivation | 40Hz Gamma Energy,2026-04-13,409,36.441,4,4814,4.38,320,9.63
2026-05-31,3TayWGNOyrY,Switch Off | Dilruba Music for Digital Detox | 1 Hour Reset,2026-04-11,172,34.7027,2,3792,3.14,726,20.17
2026-05-31,LMnHS9drakg,Cello for Creative Flow | 20 Min Focus | 6Hz Theta Waves,2026-04-09,272,28.3665,1,3806,3.52,375,31.21
2026-05-31,sVWGIOKA8gY,Deep Focus Music | 40Hz Gamma Binaural Beats for Concentration,2026-04-05,324,18.3948,8,1494,15.06,204,14.52
2026-05-31,PCshMQuu41I,ADHD Brain Fog Music | Sitar + 40Hz Gamma | 1 Hour Focus,2026-04-20,196,15.7197,5,4788,2.78,288,8.01
2026-05-31,4jtrdy4lfQU,Let Go Before Sleep | 40 Min Tanpura Drone for Insomnia & Calm,2026-04-19,141,14.7554,2,4498,2.38,376,15.68
2026-05-31,bM4M5T6wW48,Brain Fog? | Think Clearly with Sarangi 40Hz Gamma | 1 Hour,2026-04-07,208,13.2856,3,2962,5.33,229,6.39
2026-05-31,62FI6ji47L8,Emotional Detox | Healing Violin | 1 Hour Release,2026-04-11,137,10.1894,2,3479,2.9,267,7.44
2026-05-31,1zXHn2Bpmms,Overcome Procrastination | Esraj Music | Start working now,2026-04-10,123,8.6395,3,3409,2.82,252,7.02
2026-05-31,sGmvP8MMitg,Focus Music | Bamboo Flute 40Hz | Deep Work 1 Hour,2026-04-14,122,8.3831,2,3742,2.67,247,5.58
2026-05-31,0tbB-bD6wz0,Bansuri for Anxiety & Overthinking 🌿 | Mind Too Loud | 528Hz,2026-04-16,136,8.2216,5,4165,2.5,217,6.04
2026-05-31,o71DBMDTHyc,Mindful Music | Relaxation | 40Hz Gamma Binaural Beats,2026-04-06,130,7.9953,3,2549,3.61,221,9.35
2026-05-31,SHCYDfIMMkg,Feel Good · Gentle Acoustic Guitar · 1-Minute Mood Lift  #focusmusic #deepwork #indianclassicalmusic,2026-05-03,409,4.812,1,3735,3.94,62,103.9
2026-05-31,pyw51HQXMiQ,1-Min Sitar Meditation · Indian Classical Calm #sitar #sitarmusic #meditationmusic #relaxingmusic,2026-05-03,596,4.6713,2,4609,5.71,40,66.25
2026-05-31,eTi77RazJHM,Hear This · Electric Oud Fusion · 1 Minute Mood Reset #meditationmusic  #1minutecalm #focusmusic,2026-05-02,424,3.5874,0,2037,5.11,41,67.73
2026-05-31,mboU-eNrY-o,Pause Here · 1 Minute Tanpura Calm · Reset Your Mind 🌙,2026-05-02,289,1.6361,1,2863,2.55,26,43.31
2026-06-22,SEw8IsSXRSU,Sitar for Dopamine Reset | Indian Classical Music for Mindfulness,2026-04-29,739777,172307.9611,7520,14148886,3.61,838,15.52
2026-06-22,DMcoOLvmAyQ,Morning Energy Music | Dilruba Raga Yaman | 1.5 Hours,2026-05-09,250097,89534.6782,1659,4683052,3.75,1288,23.87
2026-06-22,pivzhMAQFuQ,3 Hour Bansuri Music for Relaxation | Indian Classical Music for Deep Sleep,2026-05-17,46375,31654.3589,240,459402,5.68,2456,22.74
2026-06-22,QNmoY_K5MxI,Bansuri for Sound Sleep | Deep Sleep Music | 1 Hour,2026-05-07,91480,23657.0948,479,1305133,5.36,930,17.23
2026-06-22,52YU6Q64zVw,Sitar for Nervous System Healing | Indian Classical Music for Calmness | 1.5 Hours,2026-05-05,62358,23156.7429,213,1439894,2.89,1336,24.73
2026-06-22,95NmnEaWJGw,Sitar Music to Start Your Morning Right | 1.5 Hours,2026-05-26,43833,19776.7043,257,708278,4.19,1623,30.07
2026-06-22,mDCDS2TlK4k,Sitar for Brain Detox | Clear Your Mind | 1.5 Hours of Indian Classical Music,2026-05-19,27281,13279.1015,87,640244,2.68,1752,32.45
2026-06-22,mjd89dJLam0,Yoga Music | Positive Energy Frequency | 1.5 Hour,2026-05-07,24957,12804.7725,85,380375,4.36,1846,34.2
2026-06-22,AVg7n2rEBG4,Productive Day Music | Positive Morning Vibes | 1 Hour Bansuri Session,2026-05-05,19109,9163.1425,79,225270,5.53,1725,31.96
2026-06-22,pMDVh0dzUdI,Anxiety Relief Music | Clear Your Mind | 1 Hour Dilruba Session,2026-05-01,19670,9122.3977,45,349748,4.09,1669,30.91
2026-06-22,Cih09cj7bnY,Morning Motivation | Sitar Music Instrumental | 1.5 Hours,2026-05-16,14881,7453.7809,59,175146,5.72,1802,33.39
2026-06-22,KeEFFkaCMRk,Joyful Music | Positive Vibes Music with Santoor | 1 Hour,2026-05-08,13697,6794.2531,46,172598,5.62,1785,33.06
2026-06-22,sSwLnfp77ig,Music for Morning Anxiety | Sarod Instrumental | 1.5 hrs,2026-05-28,9432,4986.575,28,153578,4.26,1902,35.23
2026-06-22,m6aFcw2f58o,Deep Rest Music | Find Stillness with Surbahar | 1.5 Hours,2026-04-28,10935,3872.7609,42,187321,3.99,1274,23.61
2026-06-22,cLfbEA5506U,Calm Music | Sitar for Cortisol Reset | 1.5 hours healing,2026-05-11,11317,3845.2432,32,96920,4.44,1222,22.64
2026-06-22,7PDDveKXLbs,Can't Fall Asleep | Raga Yaman Bansuri | Delta Wave Sleep Session | 1 Hour,2026-04-22,14925,3533.4691,62,230543,4.9,852,20.29
2026-06-22,TXfk2UU5MjI,Stress Relief Music | Santoor Instrumental | 3 Hours,2026-05-24,3888,3136.3676,17,43382,4.6,2902,26.88
2026-06-22,xfcNnj0fF5s,Quiet Night Music | Slow Bansuri Flute | 3 Hours,2026-06-14,3589,1956.2758,15,42029,6.17,1960,18.14
2026-06-22,ele9iYvf5x4,Sleep Music | Drift Off Effortlessly | 1.5 Hours Bansuri,2026-05-29,5684,1931.7628,37,76418,5.37,1223,22.65
2026-06-22,dFi4GBSpbCM,Clear Your Head Music | Slow Sarod | Indian Classical,2026-06-02,3659,1589.2293,18,64102,4.03,1563,28.95
2026-06-22,iCEUy5C9vrM,Bright Morning Music | Santoor Instrumental | 1.5 Hours,2026-06-13,3026,1204.7073,19,46431,4.62,1432,26.53
2026-06-22,Bc92MEMzd5g,Burnout Recovery | Vagus Nerve Reset with Surbahar | 1.5 Hours,2026-05-09,2043,1068.4317,4,27197,5.28,1882,34.86
2026-06-22,ol5ryBrju2c,Deep Relaxation Music | Slow Surbahar | 1.5 Hours,2026-05-21,1934,1041.5096,5,22599,5.35,1938,35.9
2026-06-22,vsm6fasbeuA,Productive Morning Music | Bansuri Flute | 1.5 Hours,2026-06-09,2207,915.8538,9,38104,4.12,1493,27.66
2026-06-22,fqjZNDFcu-8,Emotional Comfort | Sarangi | Indian Classical,2026-06-04,2314,902.3238,19,41470,3.57,1403,26.0
2026-06-22,j-B5f9o9QHA,Overthinking Music | Dilruba Instrumental | 1.5 Hours,2026-05-26,2454,879.4432,18,42922,3.75,1290,23.89
2026-06-22,nASQJJ0M_Rs,Mental Clarity Music | Slow Sarod | Brain Fog Reset,2026-05-15,1711,878.7772,7,19435,5.79,1848,34.24
2026-06-22,BXdEaCum01I,Nostalgia Music | Healing Music with Sarangi | 1.5 Hour,2026-05-10,1553,870.6021,3,17942,5.51,2018,37.37
2026-06-22,rXMUwrOvqqY,Good Energy Music | Santoor for Positive Vibes | 1.5 Hours,2026-05-28,2375,862.3123,20,32549,4.84,1307,24.21
2026-06-22,NDoTueJoTRA,Calm an Overactive Mind | Chandra Raga | Deep Nervous System Healing,2026-05-16,1779,831.6417,9,20758,4.17,1682,31.17
2026-06-22,AyM9jWrz-YI,Morning Gratitude Music | Indian Classical | 1.5 Hours,2026-06-18,2064,810.7916,9,34892,4.61,1410,26.12
2026-06-22,XEjdiwH1QYo,Music to Quiet the Mind | Slow Sarod | 1.5 Hours,2026-06-07,2330,783.9294,8,47724,3.47,1211,22.43
2026-06-22,giuRQmp9E1c,Rest Your Mind | Surbahar for Calmness | 1.5 Hours,2026-05-27,2179,779.9695,12,36847,3.74,1288,23.86
2026-06-22,jEPphCcbJ80,Yoga & Meditation Music | Sarangi & Tabla | Indian Classical,2026-05-30,1932,714.8143,15,32287,4.02,1331,24.67
2026-06-22,cWX2U5VgN6M,Morning Reset Music | Sarod Instrumental | Clear Your Head,2026-05-23,1550,708.1975,13,25434,3.7,1644,30.45
2026-06-22,5hYSZG2qPXc,Inner Peace Music | Sarangi Healing | 1.5 Hours,2026-05-25,1854,594.0549,10,36963,3.33,1153,21.36
2026-06-22,ZwJiMj0Vjak,Restless Mind | Slow Veena | 1.5 Hours of Rest,2026-05-23,1263,490.4401,5,24440,3.28,1397,25.88
2026-06-22,RixDSSQPgF0,Motivation Music | Sitar Instrumental | 1.5 Hours,2026-06-12,1320,474.6866,5,21371,4.46,1294,23.97
2026-06-22,0n08FIuVMyw,Uplifting Music | Dilruba for Morning Energy | 1.5 Hours,2026-05-19,1293,473.4035,8,15367,5.19,1318,24.4
2026-06-22,h7jE3BbxdN4,Calm Your Mind |  Veena Healing Music | 1 hour,2026-04-26,1110,446.9339,10,16058,4.36,1449,32.48
2026-06-22,J3I55IPXzL4,Restore Your Mind | Slow Veena | Indian Classical,2026-06-04,1438,432.6212,13,29245,3.42,1083,20.06
2026-06-22,XlNrXRIWvPY,Burnout Recovery Music | Slow Surbahar | 1.5 Hours,2026-06-11,1616,422.4194,12,34368,3.31,941,17.43
2026-06-22,HK1YE5xexHI,Sitar to Unclog Your Brain | Instrumental Music | 3 Hours,2026-05-31,1108,399.4201,18,18375,3.55,1297,12.02
2026-06-22,qZZuJV79mDc,1.5 Hour Bansuri to Unwind | Breathe and Let Go,2026-05-22,1224,372.3832,8,16623,4.6,1095,20.28
2026-06-22,P-DIkbxipB8,Comfort Music | Healing Music with Sarangi | 1 Hour,2026-05-04,860,363.5731,2,14722,3.43,1521,28.18
2026-06-22,Z6dZjnUzNXQ,Release Stress | Burnout Music | Santoor & 528Hz,2026-04-27,820,349.7759,1,12896,4.02,1535,34.12
2026-06-22,MJe609hUnJw,Meditation Music | Slow Surbahar | Indian Classical,2026-06-03,1139,344.6971,7,22597,3.59,1089,20.17
2026-06-22,nZ5-DTs48h4,Music for a Tired Soul | Sleep Better | 1.5 Hours of Indian Flute,2026-06-05,1422,337.0204,11,20439,5.0,853,15.8
2026-06-22,_0HiLlkjl3E,Sitar for Cortisol Reset | Indian Instrumental Music | 1.5 Hours,2026-06-08,1203,302.8284,11,19279,4.24,906,16.78
2026-06-22,NMs-TKYXpzQ,Wind Down Music | Slow Sarod | Indian Classical,2026-06-15,876,270.6747,5,21636,2.99,1112,20.6
2026-06-22,wnp4F-wquvE,Sunrise Music | Dilruba Raga Yaman | 1.5 Hours,2026-06-10,956,268.6773,10,21198,3.24,1011,18.74
2026-06-22,FsYTGhdm2uM,Breathe And Relax | Slow Down Music | Veena Instrumental,2026-05-02,515,267.8755,1,8509,3.82,1872,34.68
2026-06-22,1jrBZH4K_S8,Peaceful Music | Soothing Music with Veena | 1 Hour,2026-05-06,534,266.9359,3,8133,4.02,1799,33.35
2026-06-22,riYWgaLsFLU,Inner Stillness Music | Slow Tanpura Drone | 1.5 Hours,2026-06-06,1040,245.4096,9,21399,3.32,849,15.73
2026-06-22,uxkD-QODdFY,Music for Mental Fatigue | Sitar Music | 1.5 Hours,2026-06-16,894,231.8839,4,19681,3.25,933,17.29
2026-06-22,0kLeLN3jqoM,Music to Release Tension | Indian Classical | 1 Hour,2026-06-17,1022,212.0596,8,24925,2.99,743,20.65
2026-06-22,PncNidXk4SM,Calming Music for Anxiety | Slow Bansuri | Indian Classical,2026-06-02,1008,203.0547,8,19777,3.59,725,13.45
2026-06-22,IdRogVb7xOA,Mental Health Music | Rest Better | Veena Instrumental | 1.5 Hours,2026-06-09,1014,187.3843,5,19928,3.73,665,12.32
2026-06-22,O44Gj_fCvHg,Music for a Heavy Heart | Indian Classical | 1.5 Hours,2026-06-19,697,184.4016,5,13020,3.73,952,17.63
2026-06-22,wU3XQgkxwIo,Meditation Music | Sarangi & Tabla | 1.5 Hours,2026-06-11,896,183.074,12,18205,3.6,735,13.62
2026-06-22,DubeTsFevyI,Start Your Day With Peace | Calm Bansuri Meditation | 1.5 hours,2026-05-13,445,176.7484,2,6757,3.57,1429,26.48
2026-06-22,gHfYwpaefII,Deep Relaxation | Dilruba Instrumental Music | 1.5 Hours,2026-06-01,841,168.0328,12,17475,3.42,719,13.32
2026-06-22,3LZYCjFOeS4,Focus Music Santoor | 40Hz Gamma Waves | 40 Min Deep Work,2026-04-15,556,167.714,2,3634,2.42,1085,45.21
2026-06-22,9nkoB-lwuiM,Mindful Morning Music | Indian Classical | 1.5 Hours,2026-06-20,552,160.6586,2,9619,4.2,1047,19.4
2026-06-22,YZ3xQsejPEs,Morning Meditation Music | Tanpura Instrumental | 1.5 Hours of Peaceful Focus,2026-05-21,429,150.344,1,9243,3.01,1261,23.36
2026-06-22,0Vv0INZ2sVI,Mental Stillness Music | Slow Santoor | 1.5 Hours,2026-05-20,391,144.4776,3,8487,2.85,1330,24.77
2026-06-22,Y6Ob2P34DHA,Overthinking Music | Healing with Bamboo Flute & Tanpura | 1 Hour,2026-05-03,321,138.9939,1,5971,3.32,1558,28.87
2026-06-22,5UGTuyNHHHE,Stress Relief Music | Deep Meditation with Veena | 1 Hour,2026-04-24,304,108.94,0,5110,2.74,1290,30.72
2026-06-22,izpOuUSyH5Q,Morning Energy Music | Santoor Instrumental | Positive Vibes,2026-05-14,518,106.555,3,7488,4.18,740,13.71
2026-06-22,xY3GQ28LBn0,Let Go Of Stress | Sarangi for Emotional Release | 1.5 Hours,2026-05-18,388,105.2647,0,8185,2.79,976,18.09
2026-06-22,O8z-M9lOIzM,Insomnia Relief Music | Tanpura Drone | 1.5 Hours,2026-05-13,312,104.5091,2,6194,2.99,1205,22.33
2026-06-22,O2Z_XApzvYc,Instant focus music  | Sitar Instrumental | 1 hour,2026-04-30,301,81.8798,4,4177,3.09,979,18.13
2026-06-22,eaxs5hLcD4U,Sound Healing Music | Slow Surbahar | 1.5 Hours of Rest,2026-05-14,232,78.8187,1,6471,2.04,1223,22.63
2026-06-22,8XDHxadprKs,Positive Vibes Music | Feel Good Hour | 1 Hour,2026-04-13,248,57.154,3,3452,4.63,829,23.03
2026-06-22,g3v4KTVRNEQ,Relaxation Music | Bansuri Raga & 432Hz Evening Session | 1 Hour,2026-04-25,178,49.7751,1,3995,2.48,1006,22.37
2026-06-22,XSIsS9ZZgLg,Nervous System Reset | Quiet Your Mind with Dilruba Instrumental Music | 1 Hour,2026-04-23,120,30.2013,0,2864,2.06,906,21.62
2026-06-22,Tw2jFE-srGc,Mind at Rest | Sitar & Alpha Waves | 1 Hour Anxiety Relief Music,2026-04-21,175,27.5952,1,4003,2.75,567,15.81
2026-06-22,dyb6inFSyik,Tabla Music for Morning Focus & Motivation | 40Hz Gamma Energy,2026-04-13,227,24.1915,2,3096,3.68,383,11.52
2026-06-22,Ueean0nyIoI,Music for Tired Mind | Slow down with Veena | 1.5 Hours,2026-05-12,127,20.8502,1,4757,1.56,591,10.94
2026-06-22,sVWGIOKA8gY,Deep Focus Music | 40Hz Gamma Binaural Beats for Concentration,2026-04-05,301,20.774,5,1262,15.21,248,17.65
2026-06-22,3TayWGNOyrY,Switch Off | Dilruba Music for Digital Detox | 1 Hour Reset,2026-04-11,144,18.6879,1,2630,3.31,467,12.97
2026-06-22,4jtrdy4lfQU,Let Go Before Sleep | 40 Min Tanpura Drone for Insomnia & Calm,2026-04-19,113,14.3325,0,2675,2.39,456,19.0
2026-06-22,o71DBMDTHyc,Mindful Music | Relaxation | 40Hz Gamma Binaural Beats,2026-04-06,165,13.9558,2,2499,3.64,304,12.86
2026-06-22,PCshMQuu41I,ADHD Brain Fog Music | Sitar + 40Hz Gamma | 1 Hour Focus,2026-04-20,113,13.4131,4,2624,2.78,427,11.86
2026-06-22,ZyV0OfIdDKs,Mental Break | Sitar for Mind Reset | 20 Minutes,2026-04-30,133,13.02,3,3574,2.01,352,29.34
2026-06-22,LMnHS9drakg,Cello for Creative Flow | 20 Min Focus | 6Hz Theta Waves,2026-04-09,185,12.8371,1,2590,2.82,249,20.77
2026-06-22,sGmvP8MMitg,Focus Music | Bamboo Flute 40Hz | Deep Work 1 Hour,2026-04-14,101,10.2346,1,2244,3.21,364,8.23
2026-06-22,IwzyemqVh7c,Brain Reset Music | Sitar for Mental Clarity | 20 Minutes,2026-04-12,127,9.1711,0,2560,2.54,259,21.65
2026-06-22,bM4M5T6wW48,Brain Fog? | Think Clearly with Sarangi 40Hz Gamma | 1 Hour,2026-04-07,145,8.5749,0,2397,3.96,212,5.91
2026-06-22,0tbB-bD6wz0,Bansuri for Anxiety & Overthinking 🌿 | Mind Too Loud | 528Hz,2026-04-16,108,7.7729,1,2446,2.78,259,7.19
2026-06-22,SHCYDfIMMkg,Feel Good · Gentle Acoustic Guitar · 1-Minute Mood Lift  #focusmusic #deepwork #indianclassicalmusic,2026-05-03,348,5.5573,1,3794,2.95,101,168.54
2026-06-22,pyw51HQXMiQ,1-Min Sitar Meditation · Indian Classical Calm #sitar #sitarmusic #meditationmusic #relaxingmusic,2026-05-03,510,4.888,3,3315,7.18,48,80.02
2026-06-22,62FI6ji47L8,Emotional Detox | Healing Violin | 1 Hour Release,2026-04-11,129,4.298,1,2547,3.49,119,3.33
2026-06-22,1zXHn2Bpmms,Overcome Procrastination | Esraj Music | Start working now,2026-04-10,43,2.6415,2,752,3.19,221,6.14
2026-06-22,eTi77RazJHM,Hear This · Electric Oud Fusion · 1 Minute Mood Reset #meditationmusic  #1minutecalm #focusmusic,2026-05-02,262,1.5372,1,1191,4.53,32,53.59
2026-06-22,mboU-eNrY-o,Pause Here · 1 Minute Tanpura Calm · Reset Your Mind 🌙,2026-05-02,170,1.1907,1,2336,1.67,39,63.99
2026-06-24,SEw8IsSXRSU,Sitar for Dopamine Reset | Indian Classical Music for Mindfulness,2026-04-29,727500,169926.6867,7342,13780917,3.64,840,15.57
2026-06-24,DMcoOLvmAyQ,Morning Energy Music | Dilruba Raga Yaman | 1.5 Hours,2026-05-09,237194,84601.5568,1531,4440418,3.74,1284,23.78
2026-06-24,pivzhMAQFuQ,3 Hour Bansuri Music for Relaxation | Indian Classical Music for Deep Sleep,2026-05-17,46211,31521.8904,236,458881,5.65,2455,22.74
2026-06-24,QNmoY_K5MxI,Bansuri for Sound Sleep | Deep Sleep Music | 1 Hour,2026-05-07,91823,23668.6779,479,1307884,5.36,927,17.18
2026-06-24,52YU6Q64zVw,Sitar for Nervous System Healing | Indian Classical Music for Calmness | 1.5 Hours,2026-05-05,61826,22984.8022,210,1423059,2.9,1338,24.76
2026-06-24,95NmnEaWJGw,Sitar Music to Start Your Morning Right | 1.5 Hours,2026-05-26,44295,20016.9151,258,711711,4.2,1626,30.13
2026-06-24,mjd89dJLam0,Yoga Music | Positive Energy Frequency | 1.5 Hour,2026-05-07,24507,12594.7782,82,370034,4.39,1850,34.26
2026-06-24,mDCDS2TlK4k,Sitar for Brain Detox | Clear Your Mind | 1.5 Hours of Indian Classical Music,2026-05-19,25430,12455.3896,78,594693,2.66,1763,32.65
2026-06-24,pMDVh0dzUdI,Anxiety Relief Music | Clear Your Mind | 1 Hour Dilruba Session,2026-05-01,19524,9046.3038,46,347864,4.07,1668,30.88
2026-06-24,AVg7n2rEBG4,Productive Day Music | Positive Morning Vibes | 1 Hour Bansuri Session,2026-05-05,18178,8799.7336,77,212749,5.54,1742,32.27
2026-06-24,Cih09cj7bnY,Morning Motivation | Sitar Music Instrumental | 1.5 Hours,2026-05-16,14833,7490.4751,60,171437,5.82,1817,33.67
2026-06-24,KeEFFkaCMRk,Joyful Music | Positive Vibes Music with Santoor | 1 Hour,2026-05-08,13639,6745.8123,45,172548,5.58,1780,32.97
2026-06-24,sSwLnfp77ig,Anxiety Relief Music | Slow Sarod | Indian Classical,2026-05-28,9560,5063.2764,28,155053,4.28,1906,35.31
2026-06-24,cLfbEA5506U,Calm Music | Sitar for Cortisol Reset | 1.5 hours healing,2026-05-11,11687,3964.386,32,98605,4.48,1221,22.61
2026-06-24,m6aFcw2f58o,Deep Rest Music | Find Stillness with Surbahar | 1.5 Hours,2026-04-28,10278,3670.3946,39,176089,4.0,1285,23.8
2026-06-24,7PDDveKXLbs,Can't Fall Asleep | Raga Yaman Bansuri | Delta Wave Sleep Session | 1 Hour,2026-04-22,13999,3334.268,58,214794,4.92,857,20.41
2026-06-24,TXfk2UU5MjI,Stress Relief Music | Santoor Instrumental | 3 Hours,2026-05-24,3616,3028.6074,17,38679,4.71,3015,27.92
2026-06-24,xfcNnj0fF5s,Quiet Night Music | Slow Bansuri Flute | 3 Hours,2026-06-14,4170,2256.3916,17,46794,6.45,1947,18.03
2026-06-24,ele9iYvf5x4,Sleep Music | Drift Off Effortlessly | 1.5 Hours Bansuri,2026-05-29,5710,1940.8663,37,76768,5.36,1223,22.66
2026-06-24,dFi4GBSpbCM,Clear Your Head Music | Slow Sarod | Indian Classical,2026-06-02,3708,1620.9015,18,64687,4.05,1573,29.14
2026-06-24,iCEUy5C9vrM,Bright Morning Music | Santoor Instrumental | 1.5 Hours,2026-06-13,3089,1229.8968,19,47334,4.61,1433,26.54
2026-06-24,AyM9jWrz-YI,Morning Gratitude Music | Indian Classical | 1.5 Hours,2026-06-18,2552,1077.7819,9,39751,4.78,1520,28.15
2026-06-24,Bc92MEMzd5g,Burnout Recovery | Vagus Nerve Reset with Surbahar | 1.5 Hours,2026-05-09,1959,1038.8514,3,25781,5.33,1909,35.35
2026-06-24,ol5ryBrju2c,Deep Relaxation Music | Slow Surbahar | 1.5 Hours,2026-05-21,1769,983.6367,5,19992,5.45,2001,37.06
2026-06-24,vsm6fasbeuA,Productive Morning Music | Bansuri Flute | 1.5 Hours,2026-06-09,2246,936.7074,10,38521,4.13,1501,27.8
2026-06-24,fqjZNDFcu-8,Emotional Comfort | Sarangi | Indian Classical,2026-06-04,2333,914.1252,19,41798,3.57,1410,26.12
2026-06-24,BXdEaCum01I,Nostalgia Music | Healing Music with Sarangi | 1.5 Hour,2026-05-10,1589,898.199,3,17883,5.68,2034,37.68
2026-06-24,j-B5f9o9QHA,Overthinking Music | Dilruba Instrumental | 1.5 Hours,2026-05-26,2466,888.9474,18,43153,3.75,1297,24.03
2026-06-24,rXMUwrOvqqY,Good Energy Music | Santoor for Positive Vibes | 1.5 Hours,2026-05-28,2406,881.1054,20,32788,4.85,1318,24.41
2026-06-24,nASQJJ0M_Rs,Mental Clarity Music | Slow Sarod | Brain Fog Reset,2026-05-15,1519,823.2888,5,16032,6.16,1951,36.13
2026-06-24,XEjdiwH1QYo,Music to Quiet the Mind | Slow Sarod | 1.5 Hours,2026-06-07,2344,789.2723,8,48022,3.46,1212,22.44
2026-06-24,giuRQmp9E1c,Rest Your Mind | Surbahar for Calmness | 1.5 Hours,2026-05-27,2186,784.5629,12,37022,3.73,1292,23.93
2026-06-24,NDoTueJoTRA,Calm an Overactive Mind | Chandra Raga | Deep Nervous System Healing,2026-05-16,1679,778.004,7,19701,4.13,1668,30.89
2026-06-24,jEPphCcbJ80,Yoga & Meditation Music | Sarangi & Tabla | Indian Classical,2026-05-30,1948,722.2312,15,32514,4.02,1334,24.72
2026-06-24,RixDSSQPgF0,Motivation Music | Sitar Instrumental | 1.5 Hours,2026-06-12,1367,492.2021,5,21858,4.52,1296,24.0
2026-06-24,cWX2U5VgN6M,Morning Reset Music | Sarod Instrumental | Clear Your Head,2026-05-23,1031,456.7438,10,15907,3.7,1594,29.53
2026-06-24,0n08FIuVMyw,Uplifting Music | Dilruba for Morning Energy | 1.5 Hours,2026-05-19,1191,450.4473,7,13566,5.25,1361,25.21
2026-06-24,J3I55IPXzL4,Restore Your Mind | Slow Veena | Indian Classical,2026-06-04,1446,438.3834,13,29501,3.4,1091,20.21
2026-06-24,h7jE3BbxdN4,Calm Your Mind |  Veena Healing Music | 1 hour,2026-04-26,1083,433.4732,10,15420,4.44,1440,32.29
2026-06-24,5hYSZG2qPXc,Inner Peace Music | Sarangi Healing | 1.5 Hours,2026-05-25,1256,430.1593,7,23268,3.31,1232,22.83
2026-06-24,XlNrXRIWvPY,Burnout Recovery Music | Slow Surbahar | 1.5 Hours,2026-06-11,1638,427.0885,13,34726,3.32,938,17.38
2026-06-24,HK1YE5xexHI,Sitar to Unclog Your Brain | Instrumental Music | 3 Hours,2026-05-31,1112,404.1603,18,18591,3.52,1308,12.11
2026-06-24,ZwJiMj0Vjak,Restless Mind | Slow Veena | 1.5 Hours of Rest,2026-05-23,970,403.351,3,18443,3.21,1496,27.72
2026-06-24,MJe609hUnJw,Meditation Music | Slow Surbahar | Indian Classical,2026-06-03,1149,351.1975,7,22813,3.58,1100,20.37
2026-06-24,nZ5-DTs48h4,Music for a Tired Soul | Sleep Better | 1.5 Hours of Indian Flute,2026-06-05,1445,345.3867,11,20707,5.0,860,15.93
2026-06-24,P-DIkbxipB8,Comfort Music | Healing Music with Sarangi | 1 Hour,2026-05-04,816,343.8954,2,13267,3.54,1517,28.1
2026-06-24,qZZuJV79mDc,1.5 Hour Bansuri to Unwind | Breathe and Let Go,2026-05-22,1034,339.8434,7,13373,4.68,1183,21.91
2026-06-24,Z6dZjnUzNXQ,Release Stress | Burnout Music | Santoor & 528Hz,2026-04-27,798,335.3599,1,12272,4.11,1512,33.61
2026-06-24,_0HiLlkjl3E,Sitar for Cortisol Reset | Indian Instrumental Music | 1.5 Hours,2026-06-08,1222,307.4009,11,19601,4.24,905,16.77
2026-06-24,NMs-TKYXpzQ,Wind Down Music | Slow Sarod | Indian Classical,2026-06-15,895,272.8641,5,22266,2.98,1097,20.33
2026-06-24,wnp4F-wquvE,Sunrise Music | Dilruba Raga Yaman | 1.5 Hours,2026-06-10,968,271.9548,10,21483,3.23,1011,18.73
2026-06-24,1jrBZH4K_S8,Peaceful Music | Soothing Music with Veena | 1 Hour,2026-05-06,519,261.2165,2,7605,4.06,1811,33.58
2026-06-24,riYWgaLsFLU,Inner Stillness Music | Slow Tanpura Drone | 1.5 Hours,2026-06-06,1048,245.785,9,21609,3.3,844,15.64
2026-06-24,uxkD-QODdFY,Music for Mental Fatigue | Sitar Music | 1.5 Hours,2026-06-16,937,244.3462,4,20536,3.27,938,17.38
2026-06-24,FsYTGhdm2uM,Breathe And Relax | Slow Down Music | Veena Instrumental,2026-05-02,467,238.5848,1,7789,3.75,1839,34.06
2026-06-24,O44Gj_fCvHg,Music for a Heavy Heart | Indian Classical | 1.5 Hours,2026-06-19,804,226.8046,6,15013,3.76,1015,18.8
2026-06-24,0kLeLN3jqoM,Music to Release Tension | Indian Classical | 1 Hour,2026-06-17,1094,223.9064,8,26119,3.07,736,20.47
2026-06-24,9nkoB-lwuiM,Mindful Morning Music | Indian Classical | 1.5 Hours,2026-06-20,715,220.4584,2,12587,4.16,1110,20.56
2026-06-24,PncNidXk4SM,Calming Music for Anxiety | Slow Bansuri | Indian Classical,2026-06-02,1012,205.5873,8,19954,3.58,731,13.56
2026-06-24,IdRogVb7xOA,Mental Health Music | Rest Better | Veena Instrumental | 1.5 Hours,2026-06-09,1031,190.0929,5,20200,3.75,663,12.29
2026-06-24,wU3XQgkxwIo,Meditation Music | Sarangi & Tabla | 1.5 Hours,2026-06-11,918,184.2301,14,18528,3.63,722,13.38
2026-06-24,DubeTsFevyI,Start Your Day With Peace | Calm Bansuri Meditation | 1.5 hours,2026-05-13,431,172.7418,2,6464,3.68,1442,26.72
2026-06-24,gHfYwpaefII,Deep Relaxation | Dilruba Instrumental Music | 1.5 Hours,2026-06-01,848,171.8075,12,17628,3.42,729,13.5
2026-06-24,3LZYCjFOeS4,Focus Music Santoor | 40Hz Gamma Waves | 40 Min Deep Work,2026-04-15,555,168.5777,2,3558,2.42,1093,45.52
2026-06-24,0Vv0INZ2sVI,Mental Stillness Music | Slow Santoor | 1.5 Hours,2026-05-20,359,138.0415,3,7919,2.8,1384,25.78
2026-06-24,YZ3xQsejPEs,Morning Meditation Music | Tanpura Instrumental | 1.5 Hours of Peaceful Focus,2026-05-21,386,135.945,0,8399,3.0,1267,23.47
2026-06-24,Y6Ob2P34DHA,Overthinking Music | Healing with Bamboo Flute & Tanpura | 1 Hour,2026-05-03,302,134.2385,2,5486,3.37,1600,29.63
2026-06-24,vjv4ZUNj9ag,Positive Energy Music | Dopamine Boost with Sitar & Bansuri | 1.5 Hours,2026-06-22,451,103.7632,0,8555,4.07,828,15.34
2026-06-24,xY3GQ28LBn0,Let Go Of Stress | Sarangi for Emotional Release | 1.5 Hours,2026-05-18,331,97.2177,0,7474,2.65,1057,19.58
2026-06-24,O8z-M9lOIzM,Insomnia Relief Music | Tanpura Drone | 1.5 Hours,2026-05-13,286,95.0771,2,5822,2.77,1196,22.16
2026-06-24,5UGTuyNHHHE,Stress Relief Music | Deep Meditation with Veena | 1 Hour,2026-04-24,280,94.4192,0,4806,2.64,1213,28.9
2026-06-24,izpOuUSyH5Q,Morning Energy Music | Santoor Instrumental | Positive Vibes,2026-05-14,460,88.7477,3,6958,4.05,694,12.86
2026-06-24,O2Z_XApzvYc,Instant focus music  | Sitar Instrumental | 1 hour,2026-04-30,297,81.3304,4,3967,3.05,985,18.25
2026-06-24,eaxs5hLcD4U,Sound Healing Music | Slow Surbahar | 1.5 Hours of Rest,2026-05-14,213,71.5762,1,6061,2.01,1209,22.39
2026-06-24,g3v4KTVRNEQ,Relaxation Music | Bansuri Raga & 432Hz Evening Session | 1 Hour,2026-04-25,170,49.2369,1,3766,2.42,1042,23.17
2026-06-24,8XDHxadprKs,Positive Vibes Music | Feel Good Hour | 1 Hour,2026-04-13,235,48.5966,3,3340,4.34,744,20.66
2026-06-24,XSIsS9ZZgLg,Nervous System Reset | Quiet Your Mind with Dilruba Instrumental Music | 1 Hour,2026-04-23,119,30.5923,0,2743,2.11,925,22.08
2026-06-24,Tw2jFE-srGc,Mind at Rest | Sitar & Alpha Waves | 1 Hour Anxiety Relief Music,2026-04-21,159,23.7161,1,3722,2.79,536,14.96
2026-06-24,dyb6inFSyik,Tabla Music for Morning Focus & Motivation | 40Hz Gamma Energy,2026-04-13,210,21.1206,2,2959,3.68,362,10.87
2026-06-24,sVWGIOKA8gY,Deep Focus Music | 40Hz Gamma Binaural Beats for Concentration,2026-04-05,285,20.1496,5,1220,14.75,254,18.08
2026-06-24,Ueean0nyIoI,Music for Tired Mind | Slow down with Veena | 1.5 Hours,2026-05-12,116,17.8926,1,4454,1.53,555,10.28
2026-06-24,3TayWGNOyrY,Switch Off | Dilruba Music for Digital Detox | 1 Hour Reset,2026-04-11,128,16.7852,1,2493,3.05,472,13.11
2026-06-24,4jtrdy4lfQU,Let Go Before Sleep | 40 Min Tanpura Drone for Insomnia & Calm,2026-04-19,108,14.1246,0,2533,2.37,470,19.59
2026-06-24,o71DBMDTHyc,Mindful Music | Relaxation | 40Hz Gamma Binaural Beats,2026-04-06,159,14.0131,1,2390,3.56,317,13.4
2026-06-24,PCshMQuu41I,ADHD Brain Fog Music | Sitar + 40Hz Gamma | 1 Hour Focus,2026-04-20,112,13.4139,4,2482,2.9,431,11.97
2026-06-24,ZyV0OfIdDKs,Mental Break | Sitar for Mind Reset | 20 Minutes,2026-04-30,125,11.9462,3,3381,2.07,344,28.65
2026-06-24,sGmvP8MMitg,Focus Music | Bamboo Flute 40Hz | Deep Work 1 Hour,2026-04-14,98,10.2111,1,2106,3.28,375,8.47
2026-06-24,IwzyemqVh7c,Brain Reset Music | Sitar for Mental Clarity | 20 Minutes,2026-04-12,124,9.1108,0,2465,2.47,264,22.02
2026-06-24,bM4M5T6wW48,Brain Fog? | Think Clearly with Sarangi 40Hz Gamma | 1 Hour,2026-04-07,137,8.4856,0,2267,3.93,222,6.19
2026-06-24,LMnHS9drakg,Cello for Creative Flow | 20 Min Focus | 6Hz Theta Waves,2026-04-09,135,7.4026,1,2452,3.02,197,16.41
2026-06-24,0tbB-bD6wz0,Bansuri for Anxiety & Overthinking 🌿 | Mind Too Loud | 528Hz,2026-04-16,100,7.1577,1,2308,2.73,257,7.15
2026-06-24,SHCYDfIMMkg,Feel Good · Gentle Acoustic Guitar · 1-Minute Mood Lift  #focusmusic #deepwork #indianclassicalmusic,2026-05-03,339,5.4928,1,3689,2.9,103,172.72
2026-06-24,pyw51HQXMiQ,1-Min Sitar Meditation · Indian Classical Calm #sitar #sitarmusic #meditationmusic #relaxingmusic,2026-05-03,502,4.8366,3,3174,7.28,49,80.78
2026-06-24,62FI6ji47L8,Emotional Detox | Healing Violin | 1 Hour Release,2026-04-11,130,4.4932,1,2453,3.51,124,3.46
2026-06-24,1zXHn2Bpmms,Overcome Procrastination | Esraj Music | Start working now,2026-04-10,39,2.5428,2,607,3.29,234,6.51
2026-06-24,eTi77RazJHM,Hear This · Electric Oud Fusion · 1 Minute Mood Reset #meditationmusic  #1minutecalm #focusmusic,2026-05-02,252,1.4441,1,1116,4.66,32,53.18
2026-06-24,mboU-eNrY-o,Pause Here · 1 Minute Tanpura Calm · Reset Your Mind 🌙,2026-05-02,163,1.1537,1,2252,1.69,39,65.0
2026-06-14,SEw8IsSXRSU,Sitar for Dopamine Reset | Indian Classical Music for Mindfulness,2026-04-29,907107,199349.0101,10064,18947752,3.35,791,14.65
2026-06-14,DMcoOLvmAyQ,Morning Energy Music | Dilruba Raga Yaman | 1.5 Hours,2026-05-09,256130,93206.7892,1756,4716398,3.83,1310,24.26
2026-06-14,pivzhMAQFuQ,3 Hour Bansuri Music for Relaxation | Indian Classical Music for Deep Sleep,2026-05-17,47144,31319.4908,278,472968,5.84,2391,22.14
2026-06-14,52YU6Q64zVw,Sitar for Nervous System Healing | Indian Classical Music for Calmness | 1.5 Hours,2026-05-05,63772,23820.4571,220,1442174,2.98,1344,24.88
2026-06-14,QNmoY_K5MxI,Bansuri for Sound Sleep | Deep Sleep Music | 1 Hour,2026-05-07,88994,22224.5994,483,1384102,4.96,899,16.65
2026-06-14,mDCDS2TlK4k,Sitar for Brain Detox | Clear Your Mind | 1.5 Hours of Indian Classical Music,2026-05-19,31792,14940.3157,129,702454,2.99,1691,31.33
2026-06-14,95NmnEaWJGw,Sitar Music to Start Your Morning Right | 1.5 Hours,2026-05-26,32114,14622.0397,205,530968,4.11,1639,30.35
2026-06-14,mjd89dJLam0,Yoga Music | Positive Energy Frequency | 1.5 Hour,2026-05-07,28545,14450.5191,100,436135,4.51,1822,33.75
2026-06-14,AVg7n2rEBG4,Productive Day Music | Positive Morning Vibes | 1 Hour Bansuri Session,2026-05-05,26684,11464.2536,164,355304,5.08,1546,28.64
2026-06-14,pMDVh0dzUdI,Anxiety Relief Music | Clear Your Mind | 1 Hour Dilruba Session,2026-05-01,22712,10581.4152,51,413755,4.03,1677,31.05
2026-06-14,Cih09cj7bnY,Morning Motivation | Sitar Music Instrumental | 1.5 Hours,2026-05-16,20850,9441.0134,113,295323,4.96,1630,30.19
2026-06-14,KeEFFkaCMRk,Joyful Music | Positive Vibes Music with Santoor | 1 Hour,2026-05-08,13990,6668.6515,65,181505,5.47,1716,31.78
2026-06-14,m6aFcw2f58o,Deep Rest Music | Find Stillness with Surbahar | 1.5 Hours,2026-04-28,16528,5532.8473,79,303367,3.79,1205,22.31
2026-06-14,7PDDveKXLbs,Can't Fall Asleep | Raga Yaman Bansuri | Delta Wave Sleep Session | 1 Hour,2026-04-22,21415,4976.5836,99,329571,5.01,836,19.91
2026-06-14,sSwLnfp77ig,Music for Morning Anxiety | Sarod Instrumental | 1.5 hrs,2026-05-28,8387,4384.0126,24,140989,4.14,1881,34.85
2026-06-14,cLfbEA5506U,Calm Music | Sitar for Cortisol Reset | 1.5 hours healing,2026-05-11,9856,3512.754,36,108292,4.06,1283,23.76
2026-06-14,TXfk2UU5MjI,Stress Relief Music | Santoor Instrumental | 3 Hours,2026-05-24,3880,2945.3572,15,44397,4.61,2732,25.3
2026-06-14,ele9iYvf5x4,Sleep Music | Drift Off Effortlessly | 1.5 Hours Bansuri,2026-05-29,5170,1748.1034,36,70262,5.38,1217,22.54
2026-06-14,NDoTueJoTRA,Calm an Overactive Mind | Chandra Raga | Deep Nervous System Healing,2026-05-16,4044,1543.4657,29,60413,4.07,1374,25.44
2026-06-14,ol5ryBrju2c,Deep Relaxation Music | Slow Surbahar | 1.5 Hours,2026-05-21,3633,1507.5384,20,52445,4.68,1493,27.66
2026-06-14,nASQJJ0M_Rs,Mental Clarity Music | Slow Sarod | Brain Fog Reset,2026-05-15,3241,1352.7926,26,47123,4.69,1502,27.83
2026-06-14,dFi4GBSpbCM,Clear Your Head Music | Slow Sarod | Indian Classical,2026-06-02,3189,1311.2233,18,58829,3.89,1480,27.41
2026-06-14,cWX2U5VgN6M,Morning Reset Music | Sarod Instrumental | Clear Your Head,2026-05-23,2972,1238.7237,23,48430,4.34,1500,27.78
2026-06-14,Bc92MEMzd5g,Burnout Recovery | Vagus Nerve Reset with Surbahar | 1 Hour,2026-05-09,2472,1160.4596,6,36032,4.73,1689,31.29
2026-06-14,0n08FIuVMyw,Uplifting Music | Dilruba for Morning Energy | 1.5 Hours,2026-05-19,2991,894.7171,14,45683,4.39,1076,19.94
2026-06-14,BXdEaCum01I,Nostalgia Music | Healing Music with Sarangi | 1.5 Hour,2026-05-10,1637,831.0276,4,20552,4.81,1827,33.84
2026-06-14,j-B5f9o9QHA,Overthinking Music | Dilruba Instrumental | 1.5 Hours,2026-05-26,2329,817.1307,18,40676,3.75,1263,23.39
2026-06-14,ZwJiMj0Vjak,Restless Mind | Slow Veena | 1.5 Hours of Rest,2026-05-23,2413,810.265,12,48927,3.45,1208,22.38
2026-06-14,fqjZNDFcu-8,Emotional Comfort | Sarangi | Indian Classical,2026-06-04,2114,807.6685,19,38448,3.56,1375,25.47
2026-06-14,rXMUwrOvqqY,Good Energy Music | Santoor for Positive Vibes | 1.5 Hours,2026-05-28,2199,769.4749,20,30422,4.87,1259,23.33
2026-06-14,vsm6fasbeuA,Productive Morning Music | Bansuri Flute | 1.5 Hours,2026-06-09,1841,732.0545,9,33413,4.05,1431,26.51
2026-06-14,giuRQmp9E1c,Rest Your Mind | Surbahar for Calmness | 1.5 Hours,2026-05-27,2045,721.4062,12,35078,3.69,1269,23.52
2026-06-14,XEjdiwH1QYo,Music to Quiet the Mind | Slow Sarod | 1.5 Hours,2026-06-07,2076,677.9576,8,44195,3.4,1175,21.77
2026-06-14,jEPphCcbJ80,Yoga & Meditation Music | Sarangi & Tabla | Indian Classical,2026-05-30,1826,676.8018,15,30375,4.09,1334,24.71
2026-06-14,qZZuJV79mDc,1.5 Hour Bansuri to Unwind | Breathe and Let Go,2026-05-22,2534,673.4765,23,41942,4.22,956,17.72
2026-06-14,h7jE3BbxdN4,Calm Your Mind |  Veena Healing Music | 1 hour,2026-04-26,1609,657.1025,9,23386,4.37,1470,32.94
2026-06-14,P-DIkbxipB8,Comfort Music | Healing Music with Sarangi | 1 Hour,2026-05-04,1567,589.3937,9,31732,3.16,1354,25.08
2026-06-14,5hYSZG2qPXc,Inner Peace Music | Sarangi Healing | 1.5 Hours,2026-05-25,1791,573.0458,10,35711,3.36,1151,21.33
2026-06-14,xY3GQ28LBn0,Let Go Of Stress | Sarangi for Emotional Release | 1.5 Hours,2026-05-18,2002,536.574,15,38647,3.67,964,17.87
2026-06-14,Z6dZjnUzNXQ,Release Stress | Burnout Music | Santoor & 528Hz,2026-04-27,1291,523.1575,5,21638,3.61,1458,32.41
2026-06-14,YZ3xQsejPEs,Morning Meditation Music | Tanpura Instrumental | 1.5 Hours of Peaceful Focus,2026-05-21,1483,468.0464,7,26514,4.02,1136,21.04
2026-06-14,FsYTGhdm2uM,Breathe And Relax | Slow Down Music | Veena Instrumental,2026-05-02,829,407.799,1,13187,4.06,1770,32.79
2026-06-14,HK1YE5xexHI,Sitar to Unclog Your Brain | Instrumental Music | 3 Hours,2026-05-31,1056,382.2843,18,16655,3.72,1303,12.07
2026-06-14,J3I55IPXzL4,Restore Your Mind | Slow Veena | Indian Classical,2026-06-04,1272,356.8618,12,26555,3.43,1009,18.7
2026-06-14,iCEUy5C9vrM,Bright Morning Music | Santoor Instrumental | 1.5 Hours,2026-06-13,951,339.9919,8,16571,4.25,1287,23.83
2026-06-14,1jrBZH4K_S8,Peaceful Music | Soothing Music with Veena | 1 Hour,2026-05-06,691,325.5819,4,11842,3.74,1696,31.43
2026-06-14,0Vv0INZ2sVI,Mental Stillness Music | Slow Santoor | 1.5 Hours,2026-05-20,1073,318.5219,10,21224,3.43,1068,19.9
2026-06-14,MJe609hUnJw,Meditation Music | Slow Surbahar | Indian Classical,2026-06-03,1029,314.5036,7,20751,3.57,1100,20.37
2026-06-14,XlNrXRIWvPY,Burnout Recovery Music | Slow Surbahar | 1.5 Hours,2026-06-11,1153,306.4621,9,25501,3.18,956,17.72
2026-06-14,izpOuUSyH5Q,Morning Energy Music | Santoor Instrumental | Positive Vibes,2026-05-14,1172,288.2328,10,15232,4.95,885,16.39
2026-06-14,nZ5-DTs48h4,Sleep Music for Insomnia | Slow Bansuri | 1.5 Hours,2026-06-05,1096,251.8832,9,16651,4.76,827,15.32
2026-06-14,3LZYCjFOeS4,Focus Music Santoor | 40Hz Gamma Waves | 40 Min Deep Work,2026-04-15,767,248.3372,2,5189,2.39,1165,48.53
2026-06-14,RixDSSQPgF0,Sitar for Morning Motivation | Indian Instrumental | 1.5 Hours,2026-06-12,722,242.1103,3,11486,4.5,1207,22.35
2026-06-14,wnp4F-wquvE,Sunrise Music | Dilruba Raga Yaman | 1.5 Hours,2026-06-10,827,235.5956,9,18094,3.33,1025,18.99
2026-06-14,DubeTsFevyI,Start Your Day With Peace | Calm Bansuri Meditation | 1.5 hours,2026-05-13,719,224.1674,3,10912,4.23,1122,20.79
2026-06-14,O8z-M9lOIzM,Insomnia Relief Music | Tanpura Drone | 1.5 Hours,2026-05-13,785,222.9776,7,11977,4.27,1022,18.94
2026-06-14,_0HiLlkjl3E,Sitar for Cortisol Reset | Indian Instrumental Music | 1.5 Hours,2026-06-08,938,221.2449,11,15971,4.06,849,15.72
2026-06-14,riYWgaLsFLU,Inner Stillness Music | Slow Tanpura Drone | 1.5 Hours,2026-06-06,935,216.9991,9,19192,3.32,835,15.47
2026-06-14,5UGTuyNHHHE,Stress Relief Music | Deep Meditation with Veena | 1 Hour,2026-04-24,565,201.1684,0,8165,3.43,1281,30.52
2026-06-14,Y6Ob2P34DHA,Overthinking Music | Healing with Bamboo Flute & Tanpura | 1 Hour,2026-05-03,518,198.7499,1,9846,3.5,1381,25.58
2026-06-14,PncNidXk4SM,Calming Music for Anxiety | Slow Bansuri | Indian Classical,2026-06-02,967,197.4451,8,18177,3.74,735,13.63
2026-06-14,eaxs5hLcD4U,Sound Healing Music | Slow Surbahar | 1.5 Hours of Rest,2026-05-14,603,183.4116,0,13247,2.66,1094,20.26
2026-06-14,gHfYwpaefII,Deep Relaxation | Dilruba Instrumental Music | 1.5 Hours,2026-06-01,797,156.3707,11,15973,3.6,706,13.08
2026-06-14,IdRogVb7xOA,Mental Health Music | Rest Better | Veena Instrumental | 1.5 Hours,2026-06-09,828,152.9809,3,16902,3.65,665,12.32
2026-06-14,O2Z_XApzvYc,Instant focus music  | Sitar Instrumental | 1 hour,2026-04-30,440,138.245,4,6505,3.75,1131,20.94
2026-06-14,wU3XQgkxwIo,Meditation Music | Sarangi & Tabla | 1.5 Hours,2026-06-11,662,129.8561,10,13934,3.53,706,13.08
2026-06-14,g3v4KTVRNEQ,Relaxation Music | Bansuri Raga & 432Hz Evening Session | 1 Hour,2026-04-25,302,90.9122,3,6111,3.04,1083,24.08
2026-06-14,8XDHxadprKs,Positive Vibes Music | Feel Good Hour | 1 Hour,2026-04-13,307,62.4789,3,4288,4.69,732,20.33
2026-06-14,Ueean0nyIoI,Music for Tired Mind | Slow down with Veena | 1.5 Hours,2026-05-12,271,53.3535,5,8342,1.98,708,13.12
2026-06-14,Tw2jFE-srGc,Mind at Rest | Sitar & Alpha Waves | 1 Hour Anxiety Relief Music,2026-04-21,274,44.4322,2,6172,2.85,583,16.26
2026-06-14,XSIsS9ZZgLg,Nervous System Reset | Quiet Your Mind with Dilruba Instrumental Music | 1 Hour,2026-04-23,175,34.0686,1,4140,2.32,700,16.72
2026-06-14,dyb6inFSyik,Tabla Music for Morning Focus & Motivation | 40Hz Gamma Energy,2026-04-13,336,30.3773,4,4257,3.88,325,9.77
2026-06-14,LMnHS9drakg,Cello for Creative Flow | 20 Min Focus | 6Hz Theta Waves,2026-04-09,314,29.0032,2,3657,4.29,332,27.64
2026-06-14,ZyV0OfIdDKs,Mental Break | Sitar for Mind Reset | 20 Minutes,2026-04-30,248,28.9007,3,5613,2.21,419,34.93
2026-06-14,3TayWGNOyrY,Switch Off | Dilruba Music for Digital Detox | 1 Hour Reset,2026-04-11,190,22.1334,0,3539,3.53,419,11.65
2026-06-14,IwzyemqVh7c,Brain Reset Music | Sitar for Mental Clarity | 20 Minutes,2026-04-12,177,19.2021,1,3614,2.68,390,32.52
2026-06-14,sVWGIOKA8gY,Deep Focus Music | 40Hz Gamma Binaural Beats for Concentration,2026-04-05,351,19.05,9,1473,16.02,195,13.88
2026-06-14,PCshMQuu41I,ADHD Brain Fog Music | Sitar + 40Hz Gamma | 1 Hour Focus,2026-04-20,172,18.6596,4,3779,2.96,390,10.84
2026-06-14,4jtrdy4lfQU,Let Go Before Sleep | 40 Min Tanpura Drone for Insomnia & Calm,2026-04-19,132,13.0638,0,3718,2.5,356,14.83
2026-06-14,o71DBMDTHyc,Mindful Music | Relaxation | 40Hz Gamma Binaural Beats,2026-04-06,179,11.914,2,2947,3.77,239,10.12
2026-06-14,0tbB-bD6wz0,Bansuri for Anxiety & Overthinking 🌿 | Mind Too Loud | 528Hz,2026-04-16,140,10.7204,4,3467,2.68,275,7.65
2026-06-14,bM4M5T6wW48,Brain Fog? | Think Clearly with Sarangi 40Hz Gamma | 1 Hour,2026-04-07,192,10.6672,1,3052,4.65,200,5.55
2026-06-14,62FI6ji47L8,Emotional Detox | Healing Violin | 1 Hour Release,2026-04-11,161,9.7037,3,3314,3.5,216,6.03
2026-06-14,sGmvP8MMitg,Focus Music | Bamboo Flute 40Hz | Deep Work 1 Hour,2026-04-14,114,9.2743,2,3149,2.67,292,6.61
2026-06-14,pyw51HQXMiQ,1-Min Sitar Meditation · Indian Classical Calm #sitar #sitarmusic #meditationmusic #relaxingmusic,2026-05-03,618,6.339,5,4401,6.38,51,85.08
2026-06-14,SHCYDfIMMkg,Feel Good · Gentle Acoustic Guitar · 1-Minute Mood Lift  #focusmusic #deepwork #indianclassicalmusic,2026-05-03,416,5.2057,0,4231,3.43,74,124.43
2026-06-14,1zXHn2Bpmms,Overcome Procrastination | Esraj Music | Start working now,2026-04-10,91,4.4527,3,1944,3.24,176,4.89
2026-06-14,eTi77RazJHM,Hear This · Electric Oud Fusion · 1 Minute Mood Reset #meditationmusic  #1minutecalm #focusmusic,2026-05-02,384,2.4706,1,1703,4.82,34,56.95
2026-06-14,mboU-eNrY-o,Pause Here · 1 Minute Tanpura Calm · Reset Your Mind 🌙,2026-05-02,255,1.7336,2,3006,2.46,33,54.7
2026-06-16,SEw8IsSXRSU,Sitar for Dopamine Reset | Indian Classical Music for Mindfulness,2026-04-29,869327,192558.0072,9460,17880136,3.39,797,14.76
2026-06-16,DMcoOLvmAyQ,Morning Energy Music | Dilruba Raga Yaman | 1.5 Hours,2026-05-09,260325,94445.3827,1782,4802275,3.82,1306,24.19
2026-06-16,pivzhMAQFuQ,3 Hour Bansuri Music for Relaxation | Indian Classical Music for Deep Sleep,2026-05-17,47599,31762.9372,280,468863,5.9,2402,22.24
2026-06-16,52YU6Q64zVw,Sitar for Nervous System Healing | Indian Classical Music for Calmness | 1.5 Hours,2026-05-05,64494,24020.147,226,1471069,2.95,1340,24.8
2026-06-16,QNmoY_K5MxI,Bansuri for Sound Sleep | Deep Sleep Music | 1 Hour,2026-05-07,88083,22324.4927,467,1329775,5.09,912,16.89
2026-06-16,95NmnEaWJGw,Sitar Music to Start Your Morning Right | 1.5 Hours,2026-05-26,35213,15986.3399,223,582682,4.12,1634,30.27
2026-06-16,mDCDS2TlK4k,Sitar for Brain Detox | Clear Your Mind | 1.5 Hours of Indian Classical Music,2026-05-19,33483,15737.202,137,748264,2.95,1691,31.33
2026-06-16,mjd89dJLam0,Yoga Music | Positive Energy Frequency | 1.5 Hour,2026-05-07,28320,14331.0686,98,433837,4.47,1820,33.72
2026-06-16,AVg7n2rEBG4,Productive Day Music | Positive Morning Vibes | 1 Hour Bansuri Session,2026-05-05,25061,11108.1026,133,324323,5.21,1595,29.55
2026-06-16,pMDVh0dzUdI,Anxiety Relief Music | Clear Your Mind | 1 Hour Dilruba Session,2026-05-01,21926,10164.541,53,399785,4.01,1668,30.9
2026-06-16,Cih09cj7bnY,Morning Motivation | Sitar Music Instrumental | 1.5 Hours,2026-05-16,18506,8504.3233,92,253401,5.02,1654,30.64
2026-06-16,KeEFFkaCMRk,Joyful Music | Positive Vibes Music with Santoor | 1 Hour,2026-05-08,13660,6610.1257,65,174012,5.56,1741,32.26
2026-06-16,m6aFcw2f58o,Deep Rest Music | Find Stillness with Surbahar | 1.5 Hours,2026-04-28,14437,4979.6517,64,255501,3.89,1241,22.99
2026-06-16,7PDDveKXLbs,Can't Fall Asleep | Raga Yaman Bansuri | Delta Wave Sleep Session | 1 Hour,2026-04-22,20861,4800.8752,96,317167,5.06,828,19.72
2026-06-16,sSwLnfp77ig,Music for Morning Anxiety | Sarod Instrumental | 1.5 hrs,2026-05-28,8667,4541.2775,26,144566,4.17,1887,34.95
2026-06-16,cLfbEA5506U,Calm Music | Sitar for Cortisol Reset | 1.5 hours healing,2026-05-11,9890,3461.3684,38,99643,4.17,1260,23.34
2026-06-16,TXfk2UU5MjI,Stress Relief Music | Santoor Instrumental | 3 Hours,2026-05-24,4066,3112.8812,17,46696,4.63,2756,25.52
2026-06-16,ele9iYvf5x4,Sleep Music | Drift Off Effortlessly | 1.5 Hours Bansuri,2026-05-29,5323,1802.9288,36,72178,5.38,1219,22.58
2026-06-16,ol5ryBrju2c,Deep Relaxation Music | Slow Surbahar | 1.5 Hours,2026-05-21,3754,1578.0671,20,53554,4.73,1512,28.0
2026-06-16,dFi4GBSpbCM,Clear Your Head Music | Slow Sarod | Indian Classical,2026-06-02,3323,1387.8394,18,60256,3.94,1503,27.84
2026-06-16,cWX2U5VgN6M,Morning Reset Music | Sarod Instrumental | Clear Your Head,2026-05-23,3028,1264.2756,23,48994,4.36,1503,27.83
2026-06-16,nASQJJ0M_Rs,Mental Clarity Music | Slow Sarod | Brain Fog Reset,2026-05-15,2754,1258.6627,18,35723,5.14,1645,30.47
2026-06-16,NDoTueJoTRA,Calm an Overactive Mind | Chandra Raga | Deep Nervous System Healing,2026-05-16,3046,1209.2893,18,41794,4.02,1427,26.44
2026-06-16,Bc92MEMzd5g,Burnout Recovery | Vagus Nerve Reset with Surbahar | 1 Hour,2026-05-09,2207,1055.2943,7,31854,4.76,1721,31.87
2026-06-16,fqjZNDFcu-8,Emotional Comfort | Sarangi | Indian Classical,2026-06-04,2182,839.1021,19,39463,3.58,1384,25.64
2026-06-16,BXdEaCum01I,Nostalgia Music | Healing Music with Sarangi | 1.5 Hour,2026-05-10,1587,835.6811,3,19288,5.08,1897,35.15
2026-06-16,j-B5f9o9QHA,Overthinking Music | Dilruba Instrumental | 1.5 Hours,2026-05-26,2351,829.5476,18,41261,3.74,1270,23.52
2026-06-16,ZwJiMj0Vjak,Restless Mind | Slow Veena | 1.5 Hours of Rest,2026-05-23,2445,828.5387,12,49354,3.46,1220,22.6
2026-06-16,vsm6fasbeuA,Productive Morning Music | Bansuri Flute | 1.5 Hours,2026-06-09,1980,800.4837,8,35405,4.08,1454,26.94
2026-06-16,0n08FIuVMyw,Uplifting Music | Dilruba for Morning Energy | 1.5 Hours,2026-05-19,2623,791.5397,16,38996,4.52,1089,20.18
2026-06-16,rXMUwrOvqqY,Good Energy Music | Santoor for Positive Vibes | 1.5 Hours,2026-05-28,2243,791.3071,20,31081,4.85,1272,23.56
2026-06-16,giuRQmp9E1c,Rest Your Mind | Surbahar for Calmness | 1.5 Hours,2026-05-27,2096,747.219,12,35625,3.74,1285,23.8
2026-06-16,XEjdiwH1QYo,Music to Quiet the Mind | Slow Sarod | 1.5 Hours,2026-06-07,2173,713.6826,8,45407,3.41,1183,21.91
2026-06-16,iCEUy5C9vrM,Bright Morning Music | Santoor Instrumental | 1.5 Hours,2026-06-13,1912,704.3019,16,32357,4.38,1326,24.56
2026-06-16,qZZuJV79mDc,1.5 Hour Bansuri to Unwind | Breathe and Let Go,2026-05-22,2590,695.4833,23,42454,4.22,966,17.9
2026-06-16,jEPphCcbJ80,Yoga & Meditation Music | Sarangi & Tabla | Indian Classical,2026-05-30,1859,695.4219,15,30922,4.06,1346,24.94
2026-06-16,h7jE3BbxdN4,Calm Your Mind |  Veena Healing Music | 1 hour,2026-04-26,1451,599.6936,9,21332,4.28,1486,33.31
2026-06-16,5hYSZG2qPXc,Inner Peace Music | Sarangi Healing | 1.5 Hours,2026-05-25,1819,584.7449,10,36107,3.37,1157,21.43
2026-06-16,P-DIkbxipB8,Comfort Music | Healing Music with Sarangi | 1 Hour,2026-05-04,1295,493.8775,6,25340,3.19,1372,25.42
2026-06-16,YZ3xQsejPEs,Morning Meditation Music | Tanpura Instrumental | 1.5 Hours of Peaceful Focus,2026-05-21,1495,475.8515,7,26813,4.0,1145,21.22
2026-06-16,xfcNnj0fF5s,Quiet Night Music | Slow Bansuri Flute | 3 Hours,2026-06-14,1018,434.6073,5,17094,4.26,1536,14.22
2026-06-16,Z6dZjnUzNXQ,Release Stress | Burnout Music | Santoor & 528Hz,2026-04-27,1054,424.9193,3,17197,3.76,1451,32.24
2026-06-16,xY3GQ28LBn0,Let Go Of Stress | Sarangi for Emotional Release | 1.5 Hours,2026-05-18,1391,385.6535,11,26055,3.62,998,18.48
2026-06-16,HK1YE5xexHI,Sitar to Unclog Your Brain | Instrumental Music | 3 Hours,2026-05-31,1074,383.3716,18,17128,3.7,1283,11.89
2026-06-16,FsYTGhdm2uM,Breathe And Relax | Slow Down Music | Veena Instrumental,2026-05-02,771,382.6619,1,12218,4.13,1786,33.09
2026-06-16,J3I55IPXzL4,Restore Your Mind | Slow Veena | Indian Classical,2026-06-04,1323,379.7341,12,27368,3.45,1033,19.14
2026-06-16,XlNrXRIWvPY,Burnout Recovery Music | Slow Surbahar | 1.5 Hours,2026-06-11,1405,361.7407,11,31176,3.16,926,17.15
2026-06-16,MJe609hUnJw,Meditation Music | Slow Surbahar | Indian Classical,2026-06-03,1064,325.5719,7,21330,3.55,1101,20.4
2026-06-16,0Vv0INZ2sVI,Mental Stillness Music | Slow Santoor | 1.5 Hours,2026-05-20,1076,320.4396,10,21495,3.41,1072,19.96
2026-06-16,RixDSSQPgF0,Sitar for Morning Motivation | Indian Instrumental | 1.5 Hours,2026-06-12,951,319.6324,4,15427,4.43,1207,22.35
2026-06-16,nZ5-DTs48h4,Sleep Music for Insomnia | Slow Bansuri | 1.5 Hours,2026-06-05,1225,293.002,11,17939,4.93,861,15.94
2026-06-16,1jrBZH4K_S8,Peaceful Music | Soothing Music with Veena | 1 Hour,2026-05-06,624,292.4654,4,10662,3.69,1687,31.27
2026-06-16,wnp4F-wquvE,Sunrise Music | Dilruba Raga Yaman | 1.5 Hours,2026-06-10,879,249.7813,9,19197,3.32,1022,18.94
2026-06-16,_0HiLlkjl3E,Sitar for Cortisol Reset | Indian Instrumental Music | 1.5 Hours,2026-06-08,1018,241.4603,11,17042,4.1,853,15.81
2026-06-16,3LZYCjFOeS4,Focus Music Santoor | 40Hz Gamma Waves | 40 Min Deep Work,2026-04-15,720,231.3464,2,4830,2.46,1156,48.16
2026-06-16,riYWgaLsFLU,Inner Stillness Music | Slow Tanpura Drone | 1.5 Hours,2026-06-06,966,228.1206,9,19920,3.3,850,15.74
2026-06-16,izpOuUSyH5Q,Morning Energy Music | Santoor Instrumental | Positive Vibes,2026-05-14,943,225.1771,7,12296,4.96,859,15.92
2026-06-16,DubeTsFevyI,Start Your Day With Peace | Calm Bansuri Meditation | 1.5 hours,2026-05-13,650,217.4194,2,9594,3.56,1204,22.3
2026-06-16,PncNidXk4SM,Calming Music for Anxiety | Slow Bansuri | Indian Classical,2026-06-02,977,200.1724,8,18649,3.67,737,13.68
2026-06-16,5UGTuyNHHHE,Stress Relief Music | Deep Meditation with Veena | 1 Hour,2026-04-24,487,180.4389,0,7247,3.19,1333,31.76
2026-06-16,Y6Ob2P34DHA,Overthinking Music | Healing with Bamboo Flute & Tanpura | 1 Hour,2026-05-03,457,173.0075,1,8616,3.45,1362,25.24
2026-06-16,IdRogVb7xOA,Mental Health Music | Rest Better | Veena Instrumental | 1.5 Hours,2026-06-09,904,169.8522,5,18007,3.75,676,12.52
2026-06-16,O8z-M9lOIzM,Insomnia Relief Music | Tanpura Drone | 1.5 Hours,2026-05-13,576,165.8975,4,9328,3.99,1028,19.05
2026-06-16,gHfYwpaefII,Deep Relaxation | Dilruba Instrumental Music | 1.5 Hours,2026-06-01,813,162.0764,11,16426,3.55,717,13.29
2026-06-16,eaxs5hLcD4U,Sound Healing Music | Slow Surbahar | 1.5 Hours of Rest,2026-05-14,474,153.1961,0,10920,2.56,1163,21.53
2026-06-16,wU3XQgkxwIo,Meditation Music | Sarangi & Tabla | 1.5 Hours,2026-06-11,738,145.2418,10,15464,3.57,705,13.06
2026-06-16,NMs-TKYXpzQ,Wind Down Music | Slow Sarod | Indian Classical,2026-06-15,405,128.7108,3,9938,2.93,1144,21.19
2026-06-16,O2Z_XApzvYc,Instant focus music  | Sitar Instrumental | 1 hour,2026-04-30,418,125.8598,5,5895,3.75,1081,20.02
2026-06-16,g3v4KTVRNEQ,Relaxation Music | Bansuri Raga & 432Hz Evening Session | 1 Hour,2026-04-25,266,82.4978,2,5537,2.87,1116,24.81
2026-06-16,8XDHxadprKs,Positive Vibes Music | Feel Good Hour | 1 Hour,2026-04-13,294,63.3402,3,4071,4.69,773,21.46
2026-06-16,Tw2jFE-srGc,Mind at Rest | Sitar & Alpha Waves | 1 Hour Anxiety Relief Music,2026-04-21,257,41.2936,2,5642,2.87,578,16.11
2026-06-16,Ueean0nyIoI,Music for Tired Mind | Slow down with Veena | 1.5 Hours,2026-05-12,230,41.2571,3,7241,1.89,645,11.96
2026-06-16,XSIsS9ZZgLg,Nervous System Reset | Quiet Your Mind with Dilruba Instrumental Music | 1 Hour,2026-04-23,169,40.6432,0,3798,2.34,865,20.66
2026-06-16,LMnHS9drakg,Cello for Creative Flow | 20 Min Focus | 6Hz Theta Waves,2026-04-09,311,29.1555,1,3451,4.46,337,28.05
2026-06-16,dyb6inFSyik,Tabla Music for Morning Focus & Motivation | 40Hz Gamma Energy,2026-04-13,313,27.9812,4,3922,3.85,319,9.6
2026-06-16,ZyV0OfIdDKs,Mental Break | Sitar for Mind Reset | 20 Minutes,2026-04-30,222,26.4393,3,5015,2.17,428,35.7
2026-06-16,sVWGIOKA8gY,Deep Focus Music | 40Hz Gamma Binaural Beats for Concentration,2026-04-05,357,21.7965,9,1435,16.24,219,15.61
2026-06-16,3TayWGNOyrY,Switch Off | Dilruba Music for Digital Detox | 1 Hour Reset,2026-04-11,178,20.1532,0,3293,3.52,407,11.32
2026-06-16,PCshMQuu41I,ADHD Brain Fog Music | Sitar + 40Hz Gamma | 1 Hour Focus,2026-04-20,150,18.4432,4,3456,2.69,442,12.29
2026-06-16,4jtrdy4lfQU,Let Go Before Sleep | 40 Min Tanpura Drone for Insomnia & Calm,2026-04-19,129,13.5701,0,3420,2.54,378,15.76
2026-06-16,o71DBMDTHyc,Mindful Music | Relaxation | 40Hz Gamma Binaural Beats,2026-04-06,180,11.7566,1,2835,3.81,235,9.93
2026-06-16,IwzyemqVh7c,Brain Reset Music | Sitar for Mental Clarity | 20 Minutes,2026-04-12,143,11.2901,0,3254,2.55,282,23.51
2026-06-16,bM4M5T6wW48,Brain Fog? | Think Clearly with Sarangi 40Hz Gamma | 1 Hour,2026-04-07,181,11.0244,1,2880,4.58,219,6.09
2026-06-16,0tbB-bD6wz0,Bansuri for Anxiety & Overthinking 🌿 | Mind Too Loud | 528Hz,2026-04-16,133,10.6335,4,3198,2.72,287,7.99
2026-06-16,sGmvP8MMitg,Focus Music | Bamboo Flute 40Hz | Deep Work 1 Hour,2026-04-14,110,9.4836,2,2903,2.69,310,7.0
2026-06-16,62FI6ji47L8,Emotional Detox | Healing Violin | 1 Hour Release,2026-04-11,160,8.1151,3,3112,3.76,182,5.07
2026-06-16,pyw51HQXMiQ,1-Min Sitar Meditation · Indian Classical Calm #sitar #sitarmusic #meditationmusic #relaxingmusic,2026-05-03,594,6.1594,5,4167,6.5,52,86.44
2026-06-16,SHCYDfIMMkg,Feel Good · Gentle Acoustic Guitar · 1-Minute Mood Lift  #focusmusic #deepwork #indianclassicalmusic,2026-05-03,403,5.1524,0,4178,3.42,75,126.3
2026-06-16,1zXHn2Bpmms,Overcome Procrastination | Esraj Music | Start working now,2026-04-10,87,3.6966,3,1651,3.57,152,4.25
2026-06-16,eTi77RazJHM,Hear This · Electric Oud Fusion · 1 Minute Mood Reset #meditationmusic  #1minutecalm #focusmusic,2026-05-02,353,2.3428,1,1578,4.69,36,60.03
2026-06-16,mboU-eNrY-o,Pause Here · 1 Minute Tanpura Calm · Reset Your Mind 🌙,2026-05-02,233,1.6575,2,2866,2.27,35,58.37
2026-06-19,SEw8IsSXRSU,Sitar for Dopamine Reset | Indian Classical Music for Mindfulness,2026-04-29,791907,180715.4614,8325,15546993,3.52,821,15.21
2026-06-19,DMcoOLvmAyQ,Morning Energy Music | Dilruba Raga Yaman | 1.5 Hours,2026-05-09,263485,95130.7241,1770,4885325,3.8,1299,24.07
2026-06-19,pivzhMAQFuQ,3 Hour Bansuri Music for Relaxation | Indian Classical Music for Deep Sleep,2026-05-17,47831,32288.2844,269,470683,5.83,2430,22.5
2026-06-19,52YU6Q64zVw,Sitar for Nervous System Healing | Indian Classical Music for Calmness | 1.5 Hours,2026-05-05,63131,23440.8092,219,1455135,2.9,1336,24.73
2026-06-19,QNmoY_K5MxI,Bansuri for Sound Sleep | Deep Sleep Music | 1 Hour,2026-05-07,89272,23028.717,473,1296494,5.26,928,17.19
2026-06-19,95NmnEaWJGw,Sitar Music to Start Your Morning Right | 1.5 Hours,2026-05-26,40265,18223.4587,246,659548,4.15,1629,30.17
2026-06-19,mDCDS2TlK4k,Sitar for Brain Detox | Clear Your Mind | 1.5 Hours of Indian Classical Music,2026-05-19,30546,14679.5748,106,705524,2.76,1730,32.04
2026-06-19,mjd89dJLam0,Yoga Music | Positive Energy Frequency | 1.5 Hour,2026-05-07,27331,13797.0564,99,418759,4.4,1817,33.65
2026-06-19,AVg7n2rEBG4,Productive Day Music | Positive Morning Vibes | 1 Hour Bansuri Session,2026-05-05,21321,9899.4374,102,261834,5.37,1671,30.95
2026-06-19,pMDVh0dzUdI,Anxiety Relief Music | Clear Your Mind | 1 Hour Dilruba Session,2026-05-01,20352,9462.9144,46,363754,4.07,1673,30.99
2026-06-19,Cih09cj7bnY,Morning Motivation | Sitar Music Instrumental | 1.5 Hours,2026-05-16,15716,7587.6173,70,194577,5.42,1738,32.19
2026-06-19,KeEFFkaCMRk,Joyful Music | Positive Vibes Music with Santoor | 1 Hour,2026-05-08,13725,6749.7851,55,172576,5.64,1770,32.79
2026-06-19,sSwLnfp77ig,Music for Morning Anxiety | Sarod Instrumental | 1.5 hrs,2026-05-28,9089,4795.7823,26,149073,4.23,1899,35.18
2026-06-19,m6aFcw2f58o,Deep Rest Music | Find Stillness with Surbahar | 1.5 Hours,2026-04-28,12651,4451.5164,54,216027,4.0,1266,23.45
2026-06-19,7PDDveKXLbs,Can't Fall Asleep | Raga Yaman Bansuri | Delta Wave Sleep Session | 1 Hour,2026-04-22,18322,4215.3798,83,283565,4.93,828,19.72
2026-06-19,cLfbEA5506U,Calm Music | Sitar for Cortisol Reset | 1.5 hours healing,2026-05-11,10434,3601.2801,34,95885,4.3,1242,23.01
2026-06-19,TXfk2UU5MjI,Stress Relief Music | Santoor Instrumental | 3 Hours,2026-05-24,4235,3237.4751,19,48833,4.61,2752,25.48
2026-06-19,ele9iYvf5x4,Sleep Music | Drift Off Effortlessly | 1.5 Hours Bansuri,2026-05-29,5510,1865.92,37,74223,5.38,1219,22.57
2026-06-19,dFi4GBSpbCM,Clear Your Head Music | Slow Sarod | Indian Classical,2026-06-02,3553,1526.9869,18,62695,4.03,1547,28.65
2026-06-19,ol5ryBrju2c,Deep Relaxation Music | Slow Surbahar | 1.5 Hours,2026-05-21,2921,1355.2374,13,38758,4.87,1670,30.93
2026-06-19,cWX2U5VgN6M,Morning Reset Music | Sarod Instrumental | Clear Your Head,2026-05-23,3060,1277.3639,24,49623,4.34,1502,27.82
2026-06-19,xfcNnj0fF5s,Quiet Night Music | Slow Bansuri Flute | 3 Hours,2026-06-14,2207,1120.9881,12,30313,5.28,1828,16.92
2026-06-19,iCEUy5C9vrM,Bright Morning Music | Santoor Instrumental | 1.5 Hours,2026-06-13,2765,1098.1458,18,43139,4.62,1429,26.48
2026-06-19,Bc92MEMzd5g,Burnout Recovery | Vagus Nerve Reset with Surbahar | 1.5 Hours,2026-05-09,2173,1073.1498,6,29405,5.17,1777,32.92
2026-06-19,nASQJJ0M_Rs,Mental Clarity Music | Slow Sarod | Brain Fog Reset,2026-05-15,2068,994.9201,9,24216,5.49,1731,32.07
2026-06-19,NDoTueJoTRA,Calm an Overactive Mind | Chandra Raga | Deep Nervous System Healing,2026-05-16,2236,988.087,13,27327,4.18,1590,29.46
2026-06-19,fqjZNDFcu-8,Emotional Comfort | Sarangi | Indian Classical,2026-06-04,2271,884.2554,19,40604,3.58,1401,25.96
2026-06-19,BXdEaCum01I,Nostalgia Music | Healing Music with Sarangi | 1.5 Hour,2026-05-10,1593,884.1534,2,18721,5.27,1998,37.0
2026-06-19,vsm6fasbeuA,Productive Morning Music | Bansuri Flute | 1.5 Hours,2026-06-09,2113,868.9733,9,36929,4.1,1480,27.42
2026-06-19,j-B5f9o9QHA,Overthinking Music | Dilruba Instrumental | 1.5 Hours,2026-05-26,2405,854.9225,18,42115,3.76,1279,23.7
2026-06-19,ZwJiMj0Vjak,Restless Mind | Slow Veena | 1.5 Hours of Rest,2026-05-23,2484,844.2664,12,49942,3.47,1223,22.65
2026-06-19,rXMUwrOvqqY,Good Energy Music | Santoor for Positive Vibes | 1.5 Hours,2026-05-28,2318,829.8011,20,31816,4.86,1288,23.87
2026-06-19,giuRQmp9E1c,Rest Your Mind | Surbahar for Calmness | 1.5 Hours,2026-05-27,2145,768.2616,12,36284,3.76,1289,23.88
2026-06-19,XEjdiwH1QYo,Music to Quiet the Mind | Slow Sarod | 1.5 Hours,2026-06-07,2257,751.3533,8,46607,3.44,1198,22.19
2026-06-19,qZZuJV79mDc,1.5 Hour Bansuri to Unwind | Breathe and Let Go,2026-05-22,2646,715.8399,24,43050,4.25,973,18.04
2026-06-19,jEPphCcbJ80,Yoga & Meditation Music | Sarangi & Tabla | Indian Classical,2026-05-30,1894,705.3525,15,31572,4.04,1340,24.83
2026-06-19,5hYSZG2qPXc,Inner Peace Music | Sarangi Healing | 1.5 Hours,2026-05-25,1839,588.6021,10,36554,3.35,1152,21.33
2026-06-19,0n08FIuVMyw,Uplifting Music | Dilruba for Morning Energy | 1.5 Hours,2026-05-19,1628,532.4065,10,20478,5.21,1177,21.8
2026-06-19,h7jE3BbxdN4,Calm Your Mind |  Veena Healing Music | 1 hour,2026-04-26,1233,501.8003,9,18398,4.16,1465,32.83
2026-06-19,RixDSSQPgF0,Sitar for Morning Motivation | Indian Instrumental | 1.5 Hours,2026-06-12,1217,435.8969,5,19639,4.47,1289,23.87
2026-06-19,P-DIkbxipB8,Comfort Music | Healing Music with Sarangi | 1 Hour,2026-05-04,1020,418.8674,3,18428,3.27,1478,27.38
2026-06-19,J3I55IPXzL4,Restore Your Mind | Slow Veena | Indian Classical,2026-06-04,1394,414.5673,13,28375,3.44,1070,19.83
2026-06-19,XlNrXRIWvPY,Burnout Recovery Music | Slow Surbahar | 1.5 Hours,2026-06-11,1546,402.2302,12,33216,3.26,936,17.34
2026-06-19,HK1YE5xexHI,Sitar to Unclog Your Brain | Instrumental Music | 3 Hours,2026-05-31,1094,397.311,18,17776,3.62,1307,12.1
2026-06-19,Z6dZjnUzNXQ,Release Stress | Burnout Music | Santoor & 528Hz,2026-04-27,931,376.3552,3,14785,3.89,1455,32.33
2026-06-19,AyM9jWrz-YI,Morning Gratitude Music | Indian Classical | 1.5 Hours,2026-06-18,1002,364.2981,3,17759,4.29,1308,24.23
2026-06-19,MJe609hUnJw,Meditation Music | Slow Surbahar | Indian Classical,2026-06-03,1095,330.5461,7,21955,3.55,1086,20.12
2026-06-19,nZ5-DTs48h4,Music for a Tired Soul | Sleep Better | 1.5 Hours of Indian Flute,2026-06-05,1349,325.4742,11,19596,4.99,868,16.08
2026-06-19,YZ3xQsejPEs,Morning Meditation Music | Tanpura Instrumental | 1.5 Hours of Peaceful Focus,2026-05-21,968,318.4468,6,18352,3.66,1184,21.93
2026-06-19,FsYTGhdm2uM,Breathe And Relax | Slow Down Music | Veena Instrumental,2026-05-02,623,312.795,1,10090,3.93,1807,33.47
2026-06-19,_0HiLlkjl3E,Sitar for Cortisol Reset | Indian Instrumental Music | 1.5 Hours,2026-06-08,1130,275.0004,11,18259,4.23,876,16.22
2026-06-19,wnp4F-wquvE,Sunrise Music | Dilruba Raga Yaman | 1.5 Hours,2026-06-10,926,263.2959,9,20342,3.29,1023,18.96
2026-06-19,1jrBZH4K_S8,Peaceful Music | Soothing Music with Veena | 1 Hour,2026-05-06,562,260.0715,3,9277,3.78,1665,30.87
2026-06-19,NMs-TKYXpzQ,Wind Down Music | Slow Sarod | Indian Classical,2026-06-15,803,251.0372,5,19404,3.01,1125,20.84
2026-06-19,riYWgaLsFLU,Inner Stillness Music | Slow Tanpura Drone | 1.5 Hours,2026-06-06,1009,239.7601,9,20720,3.33,855,15.84
2026-06-19,uxkD-QODdFY,Music for Mental Fatigue | Sitar Music | 1.5 Hours,2026-06-16,763,213.091,4,16594,3.34,1005,18.62
2026-06-19,PncNidXk4SM,Calming Music for Anxiety | Slow Bansuri | Indian Classical,2026-06-02,995,201.593,8,19241,3.63,729,13.52
2026-06-19,DubeTsFevyI,Start Your Day With Peace | Calm Bansuri Meditation | 1.5 hours,2026-05-13,534,193.6082,2,8003,3.46,1305,24.17
2026-06-19,IdRogVb7xOA,Mental Health Music | Rest Better | Veena Instrumental | 1.5 Hours,2026-06-09,976,184.0508,5,19132,3.76,678,12.57
2026-06-19,3LZYCjFOeS4,Focus Music Santoor | 40Hz Gamma Waves | 40 Min Deep Work,2026-04-15,602,182.2689,2,4082,2.5,1089,45.38
2026-06-19,wU3XQgkxwIo,Meditation Music | Sarangi & Tabla | 1.5 Hours,2026-06-11,848,178.9113,12,17186,3.61,759,14.07
2026-06-19,0Vv0INZ2sVI,Mental Stillness Music | Slow Santoor | 1.5 Hours,2026-05-20,540,175.3021,6,11090,3.1,1168,21.76
2026-06-19,xY3GQ28LBn0,Let Go Of Stress | Sarangi for Emotional Release | 1.5 Hours,2026-05-18,659,172.5947,4,12308,3.4,942,17.46
2026-06-19,gHfYwpaefII,Deep Relaxation | Dilruba Instrumental Music | 1.5 Hours,2026-06-01,834,167.5434,11,16995,3.49,723,13.39
2026-06-19,izpOuUSyH5Q,Morning Energy Music | Santoor Instrumental | Positive Vibes,2026-05-14,730,160.0314,6,9611,4.77,789,14.61
2026-06-19,Y6Ob2P34DHA,Overthinking Music | Healing with Bamboo Flute & Tanpura | 1 Hour,2026-05-03,392,156.4105,1,7201,3.44,1436,26.6
2026-06-19,5UGTuyNHHHE,Stress Relief Music | Deep Meditation with Veena | 1 Hour,2026-04-24,374,132.0215,0,6048,2.89,1270,30.26
2026-06-19,O8z-M9lOIzM,Insomnia Relief Music | Tanpura Drone | 1.5 Hours,2026-05-13,400,122.5148,2,7474,3.3,1102,20.42
2026-06-19,0kLeLN3jqoM,Music to Release Tension | Indian Classical | 1 Hour,2026-06-17,586,117.739,4,13572,3.32,723,20.09
2026-06-19,eaxs5hLcD4U,Sound Healing Music | Slow Surbahar | 1.5 Hours of Rest,2026-05-14,331,113.8513,1,8122,2.33,1238,22.91
2026-06-19,O2Z_XApzvYc,Instant focus music  | Sitar Instrumental | 1 hour,2026-04-30,362,99.2498,5,4965,3.59,987,18.27
2026-06-19,8XDHxadprKs,Positive Vibes Music | Feel Good Hour | 1 Hour,2026-04-13,285,66.263,3,3742,4.81,837,23.23
2026-06-19,g3v4KTVRNEQ,Relaxation Music | Bansuri Raga & 432Hz Evening Session | 1 Hour,2026-04-25,204,55.2463,2,4585,2.6,974,21.66
2026-06-19,XSIsS9ZZgLg,Nervous System Reset | Quiet Your Mind with Dilruba Instrumental Music | 1 Hour,2026-04-23,145,34.5856,0,3293,2.03,858,20.49
2026-06-19,Ueean0nyIoI,Music for Tired Mind | Slow down with Veena | 1.5 Hours,2026-05-12,167,33.3174,2,5753,1.67,718,13.3
2026-06-19,Tw2jFE-srGc,Mind at Rest | Sitar & Alpha Waves | 1 Hour Anxiety Relief Music,2026-04-21,213,30.2087,1,4700,2.91,510,14.22
2026-06-19,dyb6inFSyik,Tabla Music for Morning Focus & Motivation | 40Hz Gamma Energy,2026-04-13,281,27.5648,3,3495,3.81,353,10.6
2026-06-19,sVWGIOKA8gY,Deep Focus Music | 40Hz Gamma Binaural Beats for Concentration,2026-04-05,327,20.1216,8,1324,16.01,221,15.73
2026-06-19,ZyV0OfIdDKs,Mental Break | Sitar for Mind Reset | 20 Minutes,2026-04-30,178,18.9778,2,4230,2.1,383,31.96
2026-06-19,3TayWGNOyrY,Switch Off | Dilruba Music for Digital Detox | 1 Hour Reset,2026-04-11,163,18.3797,1,2928,3.62,405,11.27
2026-06-19,LMnHS9drakg,Cello for Creative Flow | 20 Min Focus | 6Hz Theta Waves,2026-04-09,232,14.9871,1,2984,3.12,232,19.33
2026-06-19,PCshMQuu41I,ADHD Brain Fog Music | Sitar + 40Hz Gamma | 1 Hour Focus,2026-04-20,128,13.9069,4,3004,2.63,391,10.86
2026-06-19,o71DBMDTHyc,Mindful Music | Relaxation | 40Hz Gamma Binaural Beats,2026-04-06,176,13.5097,1,2621,3.85,276,11.67
2026-06-19,4jtrdy4lfQU,Let Go Before Sleep | 40 Min Tanpura Drone for Insomnia & Calm,2026-04-19,117,13.3383,0,3024,2.35,410,17.08
2026-06-19,sGmvP8MMitg,Focus Music | Bamboo Flute 40Hz | Deep Work 1 Hour,2026-04-14,106,9.9703,2,2551,2.9,338,7.64
2026-06-19,IwzyemqVh7c,Brain Reset Music | Sitar for Mental Clarity | 20 Minutes,2026-04-12,130,9.5627,0,2877,2.61,264,22.05
2026-06-19,bM4M5T6wW48,Brain Fog? | Think Clearly with Sarangi 40Hz Gamma | 1 Hour,2026-04-07,163,8.8933,1,2632,4.26,196,5.45
2026-06-19,0tbB-bD6wz0,Bansuri for Anxiety & Overthinking 🌿 | Mind Too Loud | 528Hz,2026-04-16,123,8.24,1,2806,2.85,241,6.69
2026-06-19,62FI6ji47L8,Emotional Detox | Healing Violin | 1 Hour Release,2026-04-11,145,5.8523,2,2809,3.67,145,4.03
2026-06-19,SHCYDfIMMkg,Feel Good · Gentle Acoustic Guitar · 1-Minute Mood Lift  #focusmusic #deepwork #indianclassicalmusic,2026-05-03,378,5.5974,0,4066,3.25,89,148.57
2026-06-19,pyw51HQXMiQ,1-Min Sitar Meditation · Indian Classical Calm #sitar #sitarmusic #meditationmusic #relaxingmusic,2026-05-03,546,5.5016,4,3719,6.7,50,83.56
2026-06-19,1zXHn2Bpmms,Overcome Procrastination | Esraj Music | Start working now,2026-04-10,68,3.4347,2,1176,3.66,181,5.05
2026-06-19,eTi77RazJHM,Hear This · Electric Oud Fusion · 1 Minute Mood Reset #meditationmusic  #1minutecalm #focusmusic,2026-05-02,305,1.9205,1,1368,5.04,34,56.06
2026-06-19,mboU-eNrY-o,Pause Here · 1 Minute Tanpura Calm · Reset Your Mind 🌙,2026-05-02,194,1.3606,1,2558,1.88,36,60.26
2026-06-02,dFi4GBSpbCM,Clear Your Head Music | Slow Sarod | Indian Classical,2026-06-02,571,215.157,2,9880,4.43,0,0.0
2026-06-02,gHfYwpaefII,Deep Relaxation | Release the Day | 1.5 Hours Dilruba Instrumental,2026-06-01,388,89.2114,5,7303,3.67,0,0.0
2026-06-02,HK1YE5xexHI,Sitar to Unclog Your Brain | Instrumental Music | 3 Hours,2026-05-31,628,181.0212,11,8712,4.22,0,0.0
2026-06-02,jEPphCcbJ80,Yoga & Meditation Music | Sarangi & Tabla | Indian Classical,2026-05-30,1169,400.2961,11,20639,4.22,0,0.0
2026-06-02,ele9iYvf5x4,Sleep Music | Drift Off Effortlessly | 1.5 Hours Bansuri,2026-05-29,2075,661.877,22,34998,4.43,0,0.0
2026-06-02,rXMUwrOvqqY,Good Energy Music | Santoor for Positive Vibes | 1.5 Hours,2026-05-28,1310,390.0078,14,20420,4.59,0,0.0
2026-06-02,sSwLnfp77ig,Music for Morning Anxiety | Sarod Instrumental | 1.5 hrs,2026-05-28,4028,1847.8704,14,76322,3.89,0,0.0
2026-06-02,giuRQmp9E1c,Rest Your Mind | Surbahar for Calmness | 1.5 Hours,2026-05-27,1328,407.9435,10,26903,3.32,0,0.0
2026-06-02,j-B5f9o9QHA,Overthinking Music | Dilruba Instrumental | 1.5 Hours,2026-05-26,1895,603.2376,17,33318,3.75,0,0.0
2026-06-02,95NmnEaWJGw,Sitar Music to Start Your Morning Right | 1.5 Hours,2026-05-26,14773,6606.9122,101,226151,4.62,0,0.0
2026-06-02,5hYSZG2qPXc,Inner Peace Music | Sarangi Healing | 1.5 Hours,2026-05-25,1546,473.9878,9,31524,3.36,0,0.0
2026-06-02,TXfk2UU5MjI,Stress Relief Music | Santoor Instrumental | 3 Hours,2026-05-24,2258,1560.6688,12,27552,4.35,0,0.0
2026-06-02,ZwJiMj0Vjak,Restless Mind | Slow Veena | 1.5 Hours of Rest,2026-05-23,2153,688.3266,12,44101,3.54,0,0.0
2026-06-02,cWX2U5VgN6M,Morning Reset Music | Slow Sarod | Clear Your Head,2026-05-23,2592,1051.6995,19,42982,4.39,0,0.0
2026-06-02,qZZuJV79mDc,1.5 Hour Bansuri to Unwind | Breathe and Let Go,2026-05-22,2200,542.8495,21,37547,4.21,0,0.0
2026-06-02,ol5ryBrju2c,Deep Relaxation Music | Slow Surbahar | 1.5 Hours,2026-05-21,2831,1009.6068,18,43831,4.44,0,0.0
2026-06-02,YZ3xQsejPEs,Morning Meditation Music | Tanpura Instrumental | 1.5 Hours of Peaceful Focus,2026-05-21,1324,400.2863,7,23179,4.18,0,0.0
2026-06-02,0Vv0INZ2sVI,Mental Stillness Music | Slow Santoor | 1.5 Hours,2026-05-20,923,257.4263,10,18294,3.51,0,0.0
2026-06-02,mDCDS2TlK4k,Sitar for Brain Detox | Clear Your Mind | 1.5 Hours of Indian Classical Music,2026-05-19,21984,9938.2065,99,467052,3.19,0,0.0
2026-06-02,0n08FIuVMyw,Uplifting Music | Dilruba for Morning Energy | 1.5 Hours,2026-05-19,2410,683.2973,12,39392,4.14,0,0.0
2026-06-02,xY3GQ28LBn0,Let Go Of Stress | Sarangi for Emotional Release | 1.5 Hours,2026-05-18,1877,495.3374,15,35658,3.76,0,0.0
2026-06-02,pivzhMAQFuQ,3 Hour Bansuri Music for Relaxation | Indian Classical Music for Deep Sleep,2026-05-17,22716,14820.1493,142,218672,5.89,0,0.0
2026-06-02,NDoTueJoTRA,Calm an Overactive Mind | Chandra Raga | Deep Nervous System Healing,2026-05-16,3666,1239.9152,29,60850,3.94,0,0.0
2026-06-02,Cih09cj7bnY,Morning Motivation | Sitar Music Instrumental | 1.5 Hours,2026-05-16,15063,6231.8984,107,237018,4.57,0,0.0
2026-06-02,nASQJJ0M_Rs,Mental Clarity Music | Slow Sarod | Brain Fog Reset,2026-05-15,3444,1250.2183,29,59859,4.09,0,0.0
2026-06-02,eaxs5hLcD4U,Sound Healing Music | Slow Surbahar | 1.5 Hours of Rest,2026-05-14,1461,473.4811,6,28549,3.53,0,0.0
2026-06-02,izpOuUSyH5Q,Morning Energy Music | Santoor Instrumental | Positive Vibes,2026-05-14,2309,618.7413,20,37225,4.31,0,0.0
2026-06-02,O8z-M9lOIzM,Insomnia Relief Music | Tanpura Drone | 1.5 Hours,2026-05-13,1989,511.3622,21,32435,4.57,0,0.0
2026-06-02,DubeTsFevyI,Start Your Day With Peace | Calm Bansuri Meditation | 1.5 hours,2026-05-13,2144,637.5619,14,39573,3.62,0,0.0
2026-06-02,Ueean0nyIoI,Music for Tired Mind | Slow down with Veena | 1.5 Hours,2026-05-12,805,193.5065,6,19523,2.95,0,0.0
2026-06-02,cLfbEA5506U,Calm Music | Sitar for Cortisol Reset | 1.5 hours healing,2026-05-11,10258,4083.1913,52,171191,3.84,0,0.0
2026-06-02,BXdEaCum01I,Nostalgia Music | Healing Music with Sarangi | 1.5 Hour,2026-05-10,3582,1405.1315,27,60728,4.09,0,0.0
2026-06-02,Bc92MEMzd5g,Burnout Recovery | Vagus Nerve Reset with Surbahar | 1 Hour,2026-05-09,5554,2163.91,27,108567,3.8,0,0.0
2026-06-02,DMcoOLvmAyQ,Morning Energy Music | Dilruba Raga Yaman | 1 Hour,2026-05-09,161230,59651.5369,1111,3024787,3.76,0,0.0
2026-06-02,KeEFFkaCMRk,Joyful Music | Positive Vibes Music with Santoor | 1 Hour,2026-05-08,12951,5547.0967,78,185997,5.12,0,0.0
2026-06-02,QNmoY_K5MxI,Bansuri for Sound Sleep | Deep Sleep Music | 1 Hour,2026-05-07,83959,19760.6712,561,1365938,4.94,0,0.0
2026-06-02,mjd89dJLam0,Yoga Music | Positive Energy Frequency | 1 Hour,2026-05-07,26686,13146.6282,105,415643,4.6,0,0.0
2026-06-02,1jrBZH4K_S8,Peaceful Music | Soothing Music with Veena | 1 Hour,2026-05-06,2960,1308.0278,16,51474,4.23,0,0.0
2026-06-02,52YU6Q64zVw,Sitar for Nervous System Healing | Indian Classical Music for Calmness | 1.5 Hours,2026-05-05,44470,17512.4877,167,900489,3.37,0,0.0
2026-06-02,AVg7n2rEBG4,Productive Day Music | Positive Morning Vibes | 1 Hour Bansuri Session,2026-05-05,42620,17443.7162,308,625002,4.92,0,0.0
2026-06-02,P-DIkbxipB8,Comfort Music | Healing Music with Sarangi | 1 Hour,2026-05-04,7517,2975.8665,48,173406,3.11,0,0.0
2026-06-02,Y6Ob2P34DHA,Overthinking Music | Healing with Bamboo Flute & Tanpura | 1 Hour,2026-05-03,1652,653.5564,14,30257,4.09,0,0.0
2026-06-02,pyw51HQXMiQ,1-Min Sitar Meditation · Indian Classical Calm #sitar #sitarmusic #meditationmusic #relaxingmusic,2026-05-03,628,6.0262,2,5031,6.2,0,0.0
2026-06-02,SHCYDfIMMkg,Feel Good · Gentle Acoustic Guitar · 1-Minute Mood Lift  #focusmusic #deepwork #indianclassicalmusic,2026-05-03,458,5.7156,1,4197,4.17,0,0.0
2026-06-02,eTi77RazJHM,Hear This · Electric Oud Fusion · 1 Minute Mood Reset #meditationmusic  #1minutecalm #focusmusic,2026-05-02,465,4.1984,0,2147,5.45,0,0.0
2026-06-02,FsYTGhdm2uM,Breathe And Relax | Slow Down Music | Veena Instrumental,2026-05-02,1403,614.9331,12,21004,4.27,0,0.0
2026-06-02,mboU-eNrY-o,Pause Here · 1 Minute Tanpura Calm · Reset Your Mind 🌙,2026-05-02,273,1.6788,2,3065,2.51,0,0.0
2026-06-02,pMDVh0dzUdI,Anxiety Relief Music | Clear Your Mind | 1 Hour Dilruba Session,2026-05-01,13525,6575.1267,33,221353,4.42,0,0.0
2026-06-02,O2Z_XApzvYc,Instant focus music  | Sitar Instrumental | 1 hour,2026-04-30,1034,359.0351,8,15071,4.26,0,0.0
2026-06-02,ZyV0OfIdDKs,Mental Break | Sitar for Mind Reset | 20 Minutes,2026-04-30,527,63.4926,4,9115,2.85,0,0.0
2026-06-02,SEw8IsSXRSU,Sitar for Dopamine Reset | Indian Classical Music for Mindfulness,2026-04-29,1004118,229200.4434,11593,21609364,3.26,0,0.0
2026-06-02,m6aFcw2f58o,Deep Rest Music | Find Stillness with Surbahar | 1.5 Hours,2026-04-28,40413,13726.3538,256,815753,3.67,0,0.0
2026-06-02,Z6dZjnUzNXQ,Release Stress | Burnout Music | Santoor & 528Hz,2026-04-27,5443,2314.8466,20,91138,4.21,0,0.0
2026-06-02,h7jE3BbxdN4,Calm Your Mind |  Veena Healing Music | 1 hour,2026-04-26,5678,2386.1372,28,74381,5.6,0,0.0
2026-06-02,g3v4KTVRNEQ,Relaxation Music | Bansuri Raga & 432Hz Evening Session | 1 Hour,2026-04-25,1157,439.7266,7,19619,4.03,0,0.0
2026-06-02,5UGTuyNHHHE,Stress Relief Music | Deep Meditation with Veena | 1 Hour,2026-04-24,1562,590.5305,9,22735,4.26,0,0.0
2026-06-02,XSIsS9ZZgLg,Nervous System Reset | Quiet Your Mind with Dilruba Instrumental Music | 1 Hour,2026-04-23,359,75.2155,3,7619,2.72,0,0.0
2026-06-02,7PDDveKXLbs,Can't Fall Asleep | Raga Yaman Bansuri | Delta Wave Sleep Session | 1 Hour,2026-04-22,20483,4994.4922,108,317395,5.0,0,0.0
2026-06-02,Tw2jFE-srGc,Mind at Rest | Sitar & Alpha Waves | 1 Hour Anxiety Relief Music,2026-04-21,422,72.0877,3,8912,2.96,0,0.0
2026-06-02,PCshMQuu41I,ADHD Brain Fog Music | Sitar + 40Hz Gamma | 1 Hour Focus,2026-04-20,214,19.0511,6,5085,2.83,0,0.0
2026-06-02,4jtrdy4lfQU,Let Go Before Sleep | 40 Min Tanpura Drone for Insomnia & Calm,2026-04-19,164,16.6283,2,4853,2.53,0,0.0
2026-06-02,0tbB-bD6wz0,Bansuri for Anxiety & Overthinking 🌿 | Mind Too Loud | 528Hz,2026-04-16,153,9.1342,6,4481,2.54,0,0.0
2026-06-02,3LZYCjFOeS4,Focus Music Santoor | 40Hz Gamma Waves | 40 Min Deep Work,2026-04-15,589,210.8136,0,6309,2.0,0,0.0
2026-06-02,sGmvP8MMitg,Focus Music | Bamboo Flute 40Hz | Deep Work 1 Hour,2026-04-14,133,8.6498,2,4047,2.67,0,0.0
2026-06-02,8XDHxadprKs,Positive Vibes Music | Feel Good Hour | 1 Hour,2026-04-13,256,44.1126,1,4310,4.25,0,0.0
2026-06-02,dyb6inFSyik,Tabla Music for Morning Focus & Motivation | 40Hz Gamma Energy,2026-04-13,443,37.8585,5,5282,4.37,0,0.0
2026-06-02,IwzyemqVh7c,Brain Reset Music | Sitar for Mental Clarity | 20 Minutes,2026-04-12,561,97.8086,2,5870,3.02,0,0.0
2026-06-02,62FI6ji47L8,Emotional Detox | Healing Violin | 1 Hour Release,2026-04-11,147,9.1617,2,3790,2.88,0,0.0
2026-06-02,3TayWGNOyrY,Switch Off | Dilruba Music for Digital Detox | 1 Hour Reset,2026-04-11,193,38.6872,2,4161,3.1,0,0.0
2026-06-02,1zXHn2Bpmms,Overcome Procrastination | Esraj Music | Start working now,2026-04-10,131,9.1759,3,3433,2.85,0,0.0
2026-06-02,LMnHS9drakg,Cello for Creative Flow | 20 Min Focus | 6Hz Theta Waves,2026-04-09,293,28.8373,2,4160,3.58,0,0.0
2026-06-02,bM4M5T6wW48,Brain Fog? | Think Clearly with Sarangi 40Hz Gamma | 1 Hour,2026-04-07,229,14.2902,3,3322,5.3,0,0.0
2026-06-02,o71DBMDTHyc,Mindful Music | Relaxation | 40Hz Gamma Binaural Beats,2026-04-06,149,8.9901,2,2919,3.56,0,0.0
2026-06-02,sVWGIOKA8gY,Deep Focus Music | 40Hz Gamma Binaural Beats for Concentration,2026-04-05,365,20.2866,8,1651,15.26,0,0.0
2026-06-18,SEw8IsSXRSU,Sitar for Dopamine Reset | Indian Classical Music for Mindfulness,2026-04-29,841076,188276.2595,9047,17053178,3.43,805,14.92
2026-06-18,DMcoOLvmAyQ,Morning Energy Music | Dilruba Raga Yaman | 1.5 Hours,2026-05-09,261940,94948.1438,1784,4839678,3.81,1304,24.17
2026-06-18,pivzhMAQFuQ,3 Hour Bansuri Music for Relaxation | Indian Classical Music for Deep Sleep,2026-05-17,47812,32057.957,278,470335,5.88,2413,22.35
2026-06-18,52YU6Q64zVw,Sitar for Nervous System Healing | Indian Classical Music for Calmness | 1.5 Hours,2026-05-05,64502,24034.9086,220,1480418,2.93,1341,24.82
2026-06-18,QNmoY_K5MxI,Bansuri for Sound Sleep | Deep Sleep Music | 1 Hour,2026-05-07,88392,22564.545,473,1318032,5.14,919,17.02
2026-06-18,95NmnEaWJGw,Sitar Music to Start Your Morning Right | 1.5 Hours,2026-05-26,36845,16695.9786,228,608596,4.12,1631,30.21
2026-06-18,mDCDS2TlK4k,Sitar for Brain Detox | Clear Your Mind | 1.5 Hours of Indian Classical Music,2026-05-19,33710,15938.5884,130,757483,2.92,1702,31.52
2026-06-18,mjd89dJLam0,Yoga Music | Positive Energy Frequency | 1.5 Hour,2026-05-07,28231,14279.2614,99,434152,4.43,1820,33.72
2026-06-18,AVg7n2rEBG4,Productive Day Music | Positive Morning Vibes | 1 Hour Bansuri Session,2026-05-05,23998,10790.0967,123,306736,5.24,1618,29.97
2026-06-18,pMDVh0dzUdI,Anxiety Relief Music | Clear Your Mind | 1 Hour Dilruba Session,2026-05-01,21096,9782.6556,52,384327,4.0,1669,30.91
2026-06-18,Cih09cj7bnY,Morning Motivation | Sitar Music Instrumental | 1.5 Hours,2026-05-16,16761,7877.2345,79,220218,5.12,1691,31.33
2026-06-18,KeEFFkaCMRk,Joyful Music | Positive Vibes Music with Santoor | 1 Hour,2026-05-08,13536,6613.1818,57,171775,5.58,1758,32.57
2026-06-18,m6aFcw2f58o,Deep Rest Music | Find Stillness with Surbahar | 1.5 Hours,2026-04-28,13676,4775.9746,62,238357,3.93,1257,23.28
2026-06-18,7PDDveKXLbs,Can't Fall Asleep | Raga Yaman Bansuri | Delta Wave Sleep Session | 1 Hour,2026-04-22,20137,4628.996,92,307593,5.03,827,19.7
2026-06-18,sSwLnfp77ig,Music for Morning Anxiety | Sarod Instrumental | 1.5 hrs,2026-05-28,8790,4612.6518,26,146021,4.18,1889,34.98
2026-06-18,cLfbEA5506U,Calm Music | Sitar for Cortisol Reset | 1.5 hours healing,2026-05-11,10056,3490.3067,36,98188,4.24,1249,23.14
2026-06-18,TXfk2UU5MjI,Stress Relief Music | Santoor Instrumental | 3 Hours,2026-05-24,4134,3161.9315,18,47564,4.62,2753,25.49
2026-06-18,ele9iYvf5x4,Sleep Music | Drift Off Effortlessly | 1.5 Hours Bansuri,2026-05-29,5387,1825.1884,37,72919,5.39,1219,22.58
2026-06-18,ol5ryBrju2c,Deep Relaxation Music | Slow Surbahar | 1.5 Hours,2026-05-21,3797,1603.9732,21,53979,4.74,1520,28.16
2026-06-18,dFi4GBSpbCM,Clear Your Head Music | Slow Sarod | Indian Classical,2026-06-02,3411,1445.4449,18,61197,3.99,1525,28.25
2026-06-18,cWX2U5VgN6M,Morning Reset Music | Sarod Instrumental | Clear Your Head,2026-05-23,3042,1270.9347,24,49202,4.36,1504,27.85
2026-06-18,nASQJJ0M_Rs,Mental Clarity Music | Slow Sarod | Brain Fog Reset,2026-05-15,2581,1193.7673,12,32385,5.24,1665,30.83
2026-06-18,NDoTueJoTRA,Calm an Overactive Mind | Chandra Raga | Deep Nervous System Healing,2026-05-16,2687,1111.8753,17,34643,4.17,1489,27.59
2026-06-18,Bc92MEMzd5g,Burnout Recovery | Vagus Nerve Reset with Surbahar | 1.5 Hours,2026-05-09,2185,1046.7152,7,30974,4.89,1724,31.93
2026-06-18,iCEUy5C9vrM,Bright Morning Music | Santoor Instrumental | 1.5 Hours,2026-06-13,2343,914.469,17,38285,4.5,1405,26.02
2026-06-18,BXdEaCum01I,Nostalgia Music | Healing Music with Sarangi | 1.5 Hour,2026-05-10,1601,864.3283,2,19125,5.18,1943,35.99
2026-06-18,fqjZNDFcu-8,Emotional Comfort | Sarangi | Indian Classical,2026-06-04,2213,853.2857,19,39871,3.58,1388,25.71
2026-06-18,j-B5f9o9QHA,Overthinking Music | Dilruba Instrumental | 1.5 Hours,2026-05-26,2369,841.8319,18,41614,3.74,1279,23.69
2026-06-18,ZwJiMj0Vjak,Restless Mind | Slow Veena | 1.5 Hours of Rest,2026-05-23,2461,836.0469,12,49618,3.47,1222,22.64
2026-06-18,vsm6fasbeuA,Productive Morning Music | Bansuri Flute | 1.5 Hours,2026-06-09,2016,820.7375,9,35920,4.08,1465,27.14
2026-06-18,rXMUwrOvqqY,Good Energy Music | Santoor for Positive Vibes | 1.5 Hours,2026-05-28,2271,804.8692,20,31350,4.84,1275,23.63
2026-06-18,giuRQmp9E1c,Rest Your Mind | Surbahar for Calmness | 1.5 Hours,2026-05-27,2122,760.7919,12,35883,3.75,1290,23.9
2026-06-18,XEjdiwH1QYo,Music to Quiet the Mind | Slow Sarod | 1.5 Hours,2026-06-07,2201,722.4277,8,45819,3.42,1181,21.88
2026-06-18,qZZuJV79mDc,1.5 Hour Bansuri to Unwind | Breathe and Let Go,2026-05-22,2616,703.3372,24,42701,4.23,967,17.92
2026-06-18,jEPphCcbJ80,Yoga & Meditation Music | Sarangi & Tabla | Indian Classical,2026-05-30,1871,696.6983,15,31161,4.05,1340,24.82
2026-06-18,0n08FIuVMyw,Uplifting Music | Dilruba for Morning Energy | 1.5 Hours,2026-05-19,1989,618.6593,12,27508,4.86,1119,20.73
2026-06-18,xfcNnj0fF5s,Quiet Night Music | Slow Bansuri Flute | 3 Hours,2026-06-14,1366,587.9858,9,22595,4.47,1549,14.34
2026-06-18,5hYSZG2qPXc,Inner Peace Music | Sarangi Healing | 1.5 Hours,2026-05-25,1825,585.8201,10,36287,3.36,1155,21.4
2026-06-18,h7jE3BbxdN4,Calm Your Mind |  Veena Healing Music | 1 hour,2026-04-26,1369,563.4384,10,20327,4.22,1481,33.2
2026-06-18,YZ3xQsejPEs,Morning Meditation Music | Tanpura Instrumental | 1.5 Hours of Peaceful Focus,2026-05-21,1502,479.9011,7,26985,3.99,1150,21.3
2026-06-18,P-DIkbxipB8,Comfort Music | Healing Music with Sarangi | 1 Hour,2026-05-04,1203,473.183,4,22936,3.23,1416,26.22
2026-06-18,Z6dZjnUzNXQ,Release Stress | Burnout Music | Santoor & 528Hz,2026-04-27,1018,412.021,3,16211,3.84,1457,32.37
2026-06-18,J3I55IPXzL4,Restore Your Mind | Slow Veena | Indian Classical,2026-06-04,1346,392.4671,12,27747,3.45,1049,19.44
2026-06-18,HK1YE5xexHI,Sitar to Unclog Your Brain | Instrumental Music | 3 Hours,2026-05-31,1077,384.3847,18,17345,3.67,1284,11.9
2026-06-18,XlNrXRIWvPY,Burnout Recovery Music | Slow Surbahar | 1.5 Hours,2026-06-11,1471,383.5216,11,32175,3.2,938,17.38
2026-06-18,FsYTGhdm2uM,Breathe And Relax | Slow Down Music | Veena Instrumental,2026-05-02,738,373.4955,1,11522,4.17,1821,33.74
2026-06-18,RixDSSQPgF0,Sitar for Morning Motivation | Indian Instrumental | 1.5 Hours,2026-06-12,1015,346.7474,4,16561,4.42,1229,22.77
2026-06-18,MJe609hUnJw,Meditation Music | Slow Surbahar | Indian Classical,2026-06-03,1081,328.1231,7,21550,3.56,1092,20.23
2026-06-18,0Vv0INZ2sVI,Mental Stillness Music | Slow Santoor | 1.5 Hours,2026-05-20,1081,322.2258,10,21620,3.4,1073,19.98
2026-06-18,nZ5-DTs48h4,Sleep Music for Insomnia | Slow Bansuri | 1.5 Hours,2026-06-05,1290,313.9922,11,18753,4.96,876,16.22
2026-06-18,xY3GQ28LBn0,Let Go Of Stress | Sarangi for Emotional Release | 1.5 Hours,2026-05-18,1057,292.7004,6,19935,3.61,996,18.46
2026-06-18,1jrBZH4K_S8,Peaceful Music | Soothing Music with Veena | 1 Hour,2026-05-06,589,278.7806,3,10099,3.7,1703,31.58
2026-06-18,_0HiLlkjl3E,Sitar for Cortisol Reset | Indian Instrumental Music | 1.5 Hours,2026-06-08,1073,258.9863,11,17527,4.17,868,16.09
2026-06-18,wnp4F-wquvE,Sunrise Music | Dilruba Raga Yaman | 1.5 Hours,2026-06-10,901,252.5589,9,19663,3.33,1009,18.69
2026-06-18,riYWgaLsFLU,Inner Stillness Music | Slow Tanpura Drone | 1.5 Hours,2026-06-06,987,231.9842,9,20215,3.31,846,15.67
2026-06-18,3LZYCjFOeS4,Focus Music Santoor | 40Hz Gamma Waves | 40 Min Deep Work,2026-04-15,691,219.3317,2,4641,2.39,1142,47.57
2026-06-18,NMs-TKYXpzQ,Wind Down Music | Slow Sarod | Indian Classical,2026-06-15,666,215.4884,3,15657,3.13,1164,21.57
2026-06-18,DubeTsFevyI,Start Your Day With Peace | Calm Bansuri Meditation | 1.5 hours,2026-05-13,601,208.7899,3,8970,3.51,1250,23.16
2026-06-18,PncNidXk4SM,Calming Music for Anxiety | Slow Bansuri | Indian Classical,2026-06-02,982,200.821,8,18862,3.66,736,13.65
2026-06-18,izpOuUSyH5Q,Morning Energy Music | Santoor Instrumental | Positive Vibes,2026-05-14,862,193.8891,7,11256,4.9,809,14.99
2026-06-18,IdRogVb7xOA,Mental Health Music | Rest Better | Veena Instrumental | 1.5 Hours,2026-06-09,930,175.8408,5,18457,3.74,680,12.6
2026-06-18,5UGTuyNHHHE,Stress Relief Music | Deep Meditation with Veena | 1 Hour,2026-04-24,447,165.6265,0,6781,3.07,1333,31.76
2026-06-18,gHfYwpaefII,Deep Relaxation | Dilruba Instrumental Music | 1.5 Hours,2026-06-01,821,164.6139,11,16633,3.52,721,13.36
2026-06-18,wU3XQgkxwIo,Meditation Music | Sarangi & Tabla | 1.5 Hours,2026-06-11,776,158.3647,10,16183,3.59,734,13.61
2026-06-18,Y6Ob2P34DHA,Overthinking Music | Healing with Bamboo Flute & Tanpura | 1 Hour,2026-05-03,418,156.4707,1,8004,3.34,1347,24.96
2026-06-18,O8z-M9lOIzM,Insomnia Relief Music | Tanpura Drone | 1.5 Hours,2026-05-13,505,149.2066,2,8536,3.69,1063,19.7
2026-06-18,eaxs5hLcD4U,Sound Healing Music | Slow Surbahar | 1.5 Hours of Rest,2026-05-14,434,144.6556,1,10015,2.51,1199,22.2
2026-06-18,O2Z_XApzvYc,Instant focus music  | Sitar Instrumental | 1 hour,2026-04-30,396,115.572,5,5516,3.7,1050,19.45
2026-06-18,uxkD-QODdFY,Music for Mental Fatigue | Sitar Music | 1.5 Hours,2026-06-16,384,111.584,3,8288,3.45,1046,19.37
2026-06-18,g3v4KTVRNEQ,Relaxation Music | Bansuri Raga & 432Hz Evening Session | 1 Hour,2026-04-25,248,74.9603,2,5204,2.77,1088,24.18
2026-06-18,8XDHxadprKs,Positive Vibes Music | Feel Good Hour | 1 Hour,2026-04-13,288,62.7681,3,3968,4.66,784,21.78
2026-06-18,XSIsS9ZZgLg,Nervous System Reset | Quiet Your Mind with Dilruba Instrumental Music | 1 Hour,2026-04-23,170,39.6229,0,3629,2.37,839,20.02
2026-06-18,Ueean0nyIoI,Music for Tired Mind | Slow down with Veena | 1.5 Hours,2026-05-12,206,38.8235,2,6693,1.78,678,12.56
2026-06-18,Tw2jFE-srGc,Mind at Rest | Sitar & Alpha Waves | 1 Hour Anxiety Relief Music,2026-04-21,239,36.6179,2,5322,2.86,551,15.36
2026-06-18,LMnHS9drakg,Cello for Creative Flow | 20 Min Focus | 6Hz Theta Waves,2026-04-09,312,29.1735,1,3354,4.62,336,27.98
2026-06-18,dyb6inFSyik,Tabla Music for Morning Focus & Motivation | 40Hz Gamma Energy,2026-04-13,308,28.0581,4,3802,3.84,327,9.85
2026-06-18,ZyV0OfIdDKs,Mental Break | Sitar for Mind Reset | 20 Minutes,2026-04-30,202,23.3769,2,4702,2.04,416,34.69
2026-06-18,sVWGIOKA8gY,Deep Focus Music | 40Hz Gamma Binaural Beats for Concentration,2026-04-05,344,21.0218,9,1404,15.95,219,15.62
2026-06-18,3TayWGNOyrY,Switch Off | Dilruba Music for Digital Detox | 1 Hour Reset,2026-04-11,176,20.1496,1,3176,3.59,412,11.45
2026-06-18,PCshMQuu41I,ADHD Brain Fog Music | Sitar + 40Hz Gamma | 1 Hour Focus,2026-04-20,142,15.7402,4,3310,2.63,399,11.08
2026-06-18,4jtrdy4lfQU,Let Go Before Sleep | 40 Min Tanpura Drone for Insomnia & Calm,2026-04-19,128,15.4113,0,3293,2.49,433,18.04
2026-06-18,o71DBMDTHyc,Mindful Music | Relaxation | 40Hz Gamma Binaural Beats,2026-04-06,180,12.1956,1,2769,3.83,243,10.3
2026-06-18,0tbB-bD6wz0,Bansuri for Anxiety & Overthinking 🌿 | Mind Too Loud | 528Hz,2026-04-16,134,10.5285,3,3071,2.83,282,7.85
2026-06-18,IwzyemqVh7c,Brain Reset Music | Sitar for Mental Clarity | 20 Minutes,2026-04-12,137,10.5061,0,3131,2.49,276,22.99
2026-06-18,bM4M5T6wW48,Brain Fog? | Think Clearly with Sarangi 40Hz Gamma | 1 Hour,2026-04-07,177,10.045,1,2808,4.49,204,5.67
2026-06-18,sGmvP8MMitg,Focus Music | Bamboo Flute 40Hz | Deep Work 1 Hour,2026-04-14,109,9.2664,2,2774,2.78,306,6.91
2026-06-18,62FI6ji47L8,Emotional Detox | Healing Violin | 1 Hour Release,2026-04-11,157,8.4769,3,3022,3.71,194,5.4
2026-06-18,pyw51HQXMiQ,1-Min Sitar Meditation · Indian Classical Calm #sitar #sitarmusic #meditationmusic #relaxingmusic,2026-05-03,572,5.6954,4,4014,6.6,49,81.89
2026-06-18,SHCYDfIMMkg,Feel Good · Gentle Acoustic Guitar · 1-Minute Mood Lift  #focusmusic #deepwork #indianclassicalmusic,2026-05-03,390,5.1219,0,4142,3.31,78,130.48
2026-06-18,1zXHn2Bpmms,Overcome Procrastination | Esraj Music | Start working now,2026-04-10,84,3.7391,3,1493,3.68,160,4.45
2026-06-18,eTi77RazJHM,Hear This · Electric Oud Fusion · 1 Minute Mood Reset #meditationmusic  #1minutecalm #focusmusic,2026-05-02,332,2.1591,1,1495,4.75,35,58.1
2026-06-18,mboU-eNrY-o,Pause Here · 1 Minute Tanpura Calm · Reset Your Mind 🌙,2026-05-02,213,1.4889,1,2739,1.97,36,59.22
2026-06-21,SEw8IsSXRSU,Sitar for Dopamine Reset | Indian Classical Music for Mindfulness,2026-04-29,1451363,337270.1502,15939,29957259,3.39,836,15.49
2026-06-21,DMcoOLvmAyQ,Morning Energy Music | Dilruba Raga Yaman | 1.5 Hours,2026-05-09,281767,102608.5016,1882,5168836,3.84,1310,24.28
2026-06-21,pivzhMAQFuQ,3 Hour Bansuri Music for Relaxation | Indian Classical Music for Deep Sleep,2026-05-17,55004,36707.094,315,550320,5.79,2402,22.24
2026-06-21,QNmoY_K5MxI,Bansuri for Sound Sleep | Deep Sleep Music | 1 Hour,2026-05-07,142057,35025.6834,838,2174239,5.16,887,16.43
2026-06-21,52YU6Q64zVw,Sitar for Nervous System Healing | Indian Classical Music for Calmness | 1.5 Hours,2026-05-05,84372,32514.278,299,1820138,3.14,1387,25.67
2026-06-21,AVg7n2rEBG4,Productive Day Music | Positive Morning Vibes | 1 Hour Bansuri Session,2026-05-05,54080,23056.2097,346,759249,5.06,1534,28.42
2026-06-21,mjd89dJLam0,Yoga Music | Positive Energy Frequency | 1.5 Hour,2026-05-07,41112,20663.591,153,633730,4.52,1809,33.51
2026-06-21,95NmnEaWJGw,Sitar Music to Start Your Morning Right | 1.5 Hours,2026-05-26,41451,18753.2487,249,677123,4.16,1628,30.16
2026-06-21,m6aFcw2f58o,Deep Rest Music | Find Stillness with Surbahar | 1.5 Hours,2026-04-28,51096,17654.8635,328,1002285,3.76,1243,23.03
2026-06-21,mDCDS2TlK4k,Sitar for Brain Detox | Clear Your Mind | 1.5 Hours of Indian Classical Music,2026-05-19,35563,16757.1818,144,792846,2.94,1696,31.41
2026-06-21,pMDVh0dzUdI,Anxiety Relief Music | Clear Your Mind | 1 Hour Dilruba Session,2026-05-01,25552,11949.6134,64,452826,4.08,1683,31.17
2026-06-21,Cih09cj7bnY,Morning Motivation | Sitar Music Instrumental | 1.5 Hours,2026-05-16,25453,11590.6793,142,356621,5.04,1639,30.36
2026-06-21,KeEFFkaCMRk,Joyful Music | Positive Vibes Music with Santoor | 1 Hour,2026-05-08,21211,9666.9065,110,286590,5.32,1640,30.38
2026-06-21,cLfbEA5506U,Calm Music | Sitar for Cortisol Reset | 1.5 hours healing,2026-05-11,18910,7154.0198,69,252519,4.04,1361,25.22
2026-06-21,7PDDveKXLbs,Can't Fall Asleep | Raga Yaman Bansuri | Delta Wave Sleep Session | 1 Hour,2026-04-22,29477,7151.5678,163,441587,5.14,873,20.79
2026-06-21,sSwLnfp77ig,Music for Morning Anxiety | Sarod Instrumental | 1.5 hrs,2026-05-28,9217,4865.554,26,150819,4.24,1900,35.19
2026-06-21,P-DIkbxipB8,Comfort Music | Healing Music with Sarangi | 1 Hour,2026-05-04,8389,3309.1436,49,186336,3.22,1420,26.3
2026-06-21,TXfk2UU5MjI,Stress Relief Music | Santoor Instrumental | 3 Hours,2026-05-24,4269,3265.0731,19,49359,4.59,2753,25.49
2026-06-21,Bc92MEMzd5g,Burnout Recovery | Vagus Nerve Reset with Surbahar | 1.5 Hours,2026-05-09,6714,2816.5151,29,122588,4.03,1510,27.96
2026-06-21,h7jE3BbxdN4,Calm Your Mind |  Veena Healing Music | 1 hour,2026-04-26,6647,2727.9815,35,90475,5.32,1477,33.1
2026-06-21,Z6dZjnUzNXQ,Release Stress | Burnout Music | Santoor & 528Hz,2026-04-27,6256,2623.3378,24,103649,4.27,1509,33.54
2026-06-21,BXdEaCum01I,Nostalgia Music | Healing Music with Sarangi | 1.5 Hour,2026-05-10,4789,2121.4634,27,73658,4.46,1594,29.53
2026-06-21,ele9iYvf5x4,Sleep Music | Drift Off Effortlessly | 1.5 Hours Bansuri,2026-05-29,5561,1893.7135,37,74780,5.39,1225,22.7
2026-06-21,nASQJJ0M_Rs,Mental Clarity Music | Slow Sarod | Brain Fog Reset,2026-05-15,4441,1829.2001,32,68917,4.54,1482,27.46
2026-06-21,NDoTueJoTRA,Calm an Overactive Mind | Chandra Raga | Deep Nervous System Healing,2026-05-16,4711,1755.2056,34,72581,4.0,1341,24.84
2026-06-21,ol5ryBrju2c,Deep Relaxation Music | Slow Surbahar | 1.5 Hours,2026-05-21,3919,1680.7217,21,55079,4.77,1543,28.59
2026-06-21,dFi4GBSpbCM,Clear Your Head Music | Slow Sarod | Indian Classical,2026-06-02,3597,1551.3334,18,63161,4.03,1552,28.75
2026-06-21,1jrBZH4K_S8,Peaceful Music | Soothing Music with Veena | 1 Hour,2026-05-06,3139,1390.5439,18,54403,4.19,1594,29.55
2026-06-21,xfcNnj0fF5s,Quiet Night Music | Slow Bansuri Flute | 3 Hours,2026-06-14,2537,1328.2126,13,33417,5.45,1884,17.44
2026-06-21,cWX2U5VgN6M,Morning Reset Music | Sarod Instrumental | Clear Your Head,2026-05-23,3067,1282.1296,24,49788,4.33,1504,27.86
2026-06-21,iCEUy5C9vrM,Bright Morning Music | Santoor Instrumental | 1.5 Hours,2026-06-13,2855,1130.7493,18,44411,4.6,1425,26.4
2026-06-21,5UGTuyNHHHE,Stress Relief Music | Deep Meditation with Veena | 1 Hour,2026-04-24,2997,988.3933,17,52054,3.82,1187,28.27
2026-06-21,0n08FIuVMyw,Uplifting Music | Dilruba for Morning Energy | 1.5 Hours,2026-05-19,3167,978.0468,15,47293,4.48,1111,20.58
2026-06-21,fqjZNDFcu-8,Emotional Comfort | Sarangi | Indian Classical,2026-06-04,2291,892.5404,19,40903,3.58,1402,25.97
2026-06-21,vsm6fasbeuA,Productive Morning Music | Bansuri Flute | 1.5 Hours,2026-06-09,2141,885.282,9,37352,4.1,1488,27.57
2026-06-21,j-B5f9o9QHA,Overthinking Music | Dilruba Instrumental | 1.5 Hours,2026-05-26,2419,864.4304,18,42345,3.75,1286,23.82
2026-06-21,Y6Ob2P34DHA,Overthinking Music | Healing with Bamboo Flute & Tanpura | 1 Hour,2026-05-03,2228,859.6395,19,41008,4.07,1389,25.72
2026-06-21,ZwJiMj0Vjak,Restless Mind | Slow Veena | 1.5 Hours of Rest,2026-05-23,2489,847.3078,12,50079,3.47,1225,22.69
2026-06-21,rXMUwrOvqqY,Good Energy Music | Santoor for Positive Vibes | 1.5 Hours,2026-05-28,2338,839.0033,20,32044,4.86,1291,23.92
2026-06-21,giuRQmp9E1c,Rest Your Mind | Surbahar for Calmness | 1.5 Hours,2026-05-27,2158,772.4811,12,36438,3.77,1288,23.86
2026-06-21,XEjdiwH1QYo,Music to Quiet the Mind | Slow Sarod | 1.5 Hours,2026-06-07,2293,767.153,8,46992,3.46,1204,22.3
2026-06-21,FsYTGhdm2uM,Breathe And Relax | Slow Down Music | Veena Instrumental,2026-05-02,1875,764.1002,16,29694,4.18,1467,27.17
2026-06-21,DubeTsFevyI,Start Your Day With Peace | Calm Bansuri Meditation | 1.5 hours,2026-05-13,2363,752.1657,16,43236,3.68,1145,21.22
2026-06-21,qZZuJV79mDc,1.5 Hour Bansuri to Unwind | Breathe and Let Go,2026-05-22,2671,730.9341,24,43278,4.25,985,18.24
2026-06-21,jEPphCcbJ80,Yoga & Meditation Music | Sarangi & Tabla | Indian Classical,2026-05-30,1904,707.0438,15,31800,4.04,1336,24.76
2026-06-21,izpOuUSyH5Q,Morning Energy Music | Santoor Instrumental | Positive Vibes,2026-05-14,2563,663.0164,22,41013,4.36,931,17.24
2026-06-21,g3v4KTVRNEQ,Relaxation Music | Bansuri Raga & 432Hz Evening Session | 1 Hour,2026-04-25,1723,608.3091,10,32439,3.67,1270,28.24
2026-06-21,5hYSZG2qPXc,Inner Peace Music | Sarangi Healing | 1.5 Hours,2026-05-25,1845,590.6326,10,36669,3.35,1152,21.34
2026-06-21,xY3GQ28LBn0,Let Go Of Stress | Sarangi for Emotional Release | 1.5 Hours,2026-05-18,2060,563.5815,15,39547,3.68,984,18.24
2026-06-21,O8z-M9lOIzM,Insomnia Relief Music | Tanpura Drone | 1.5 Hours,2026-05-13,2124,560.3344,23,35387,4.45,949,17.59
2026-06-21,AyM9jWrz-YI,Morning Gratitude Music | Indian Classical | 1.5 Hours,2026-06-18,1458,552.8805,3,25571,4.33,1365,25.28
2026-06-21,eaxs5hLcD4U,Sound Healing Music | Slow Surbahar | 1.5 Hours of Rest,2026-05-14,1570,519.8349,7,31503,3.4,1191,22.06
2026-06-21,YZ3xQsejPEs,Morning Meditation Music | Tanpura Instrumental | 1.5 Hours of Peaceful Focus,2026-05-21,1521,485.6122,7,27382,3.98,1149,21.28
2026-06-21,RixDSSQPgF0,Sitar for Morning Motivation | Indian Instrumental | 1.5 Hours,2026-06-12,1256,454.0052,5,20306,4.48,1301,24.09
2026-06-21,O2Z_XApzvYc,Instant focus music  | Sitar Instrumental | 1 hour,2026-04-30,1290,431.3823,11,19129,4.05,1203,22.29
2026-06-21,J3I55IPXzL4,Restore Your Mind | Slow Veena | Indian Classical,2026-06-04,1420,424.3207,13,28700,3.45,1075,19.92
2026-06-21,XlNrXRIWvPY,Burnout Recovery Music | Slow Surbahar | 1.5 Hours,2026-06-11,1576,404.7524,12,33572,3.29,924,17.12
2026-06-21,HK1YE5xexHI,Sitar to Unclog Your Brain | Instrumental Music | 3 Hours,2026-05-31,1100,398.0749,18,17973,3.61,1302,12.06
2026-06-21,3LZYCjFOeS4,Focus Music Santoor | 40Hz Gamma Waves | 40 Min Deep Work,2026-04-15,1168,383.0911,2,10180,2.24,1180,49.16
2026-06-21,0Vv0INZ2sVI,Mental Stillness Music | Slow Santoor | 1.5 Hours,2026-05-20,1098,334.207,10,21974,3.39,1095,20.41
2026-06-21,MJe609hUnJw,Meditation Music | Slow Surbahar | Indian Classical,2026-06-03,1105,333.3718,7,22129,3.56,1086,20.11
2026-06-21,nZ5-DTs48h4,Music for a Tired Soul | Sleep Better | 1.5 Hours of Indian Flute,2026-06-05,1379,331.545,11,19874,5.01,865,16.03
2026-06-21,_0HiLlkjl3E,Sitar for Cortisol Reset | Indian Instrumental Music | 1.5 Hours,2026-06-08,1152,283.6405,11,18573,4.23,886,16.41
2026-06-21,wnp4F-wquvE,Sunrise Music | Dilruba Raga Yaman | 1.5 Hours,2026-06-10,932,262.7169,9,20627,3.27,1014,18.79
2026-06-21,NMs-TKYXpzQ,Wind Down Music | Slow Sarod | Indian Classical,2026-06-15,830,258.196,5,20425,2.99,1119,20.74
2026-06-21,riYWgaLsFLU,Inner Stillness Music | Slow Tanpura Drone | 1.5 Hours,2026-06-06,1024,243.0035,9,20923,3.35,854,15.82
2026-06-21,uxkD-QODdFY,Music for Mental Fatigue | Sitar Music | 1.5 Hours,2026-06-16,834,220.3676,4,18152,3.32,951,17.62
2026-06-21,Ueean0nyIoI,Music for Tired Mind | Slow down with Veena | 1.5 Hours,2026-05-12,863,203.407,7,21833,2.82,848,15.71
2026-06-21,PncNidXk4SM,Calming Music for Anxiety | Slow Bansuri | Indian Classical,2026-06-02,1003,202.4325,8,19399,3.63,726,13.47
2026-06-21,0kLeLN3jqoM,Music to Release Tension | Indian Classical | 1 Hour,2026-06-17,898,184.9368,7,21755,3.04,741,20.59
2026-06-21,IdRogVb7xOA,Mental Health Music | Rest Better | Veena Instrumental | 1.5 Hours,2026-06-09,991,183.2942,5,19382,3.76,665,12.33
2026-06-21,wU3XQgkxwIo,Meditation Music | Sarangi & Tabla | 1.5 Hours,2026-06-11,874,180.9945,12,17534,3.66,745,13.81
2026-06-21,gHfYwpaefII,Deep Relaxation | Dilruba Instrumental Music | 1.5 Hours,2026-06-01,839,167.7634,11,17132,3.48,719,13.33
2026-06-21,O44Gj_fCvHg,Music for a Heavy Heart | Indian Classical | 1.5 Hours,2026-06-19,417,116.3365,1,7937,3.63,1004,18.6
2026-06-21,XSIsS9ZZgLg,Nervous System Reset | Quiet Your Mind with Dilruba Instrumental Music | 1 Hour,2026-04-23,584,114.1154,4,12149,2.79,703,16.78
2026-06-21,IwzyemqVh7c,Brain Reset Music | Sitar for Mental Clarity | 20 Minutes,2026-04-12,760,112.3563,4,9320,2.91,532,44.31
2026-06-21,Tw2jFE-srGc,Mind at Rest | Sitar & Alpha Waves | 1 Hour Anxiety Relief Music,2026-04-21,548,79.2304,3,12259,2.99,520,14.5
2026-06-21,8XDHxadprKs,Positive Vibes Music | Feel Good Hour | 1 Hour,2026-04-13,438,78.8173,3,7036,4.14,647,17.98
2026-06-21,ZyV0OfIdDKs,Mental Break | Sitar for Mind Reset | 20 Minutes,2026-04-30,666,75.0707,7,12690,2.78,405,33.79
2026-06-21,dyb6inFSyik,Tabla Music for Morning Focus & Motivation | 40Hz Gamma Energy,2026-04-13,596,53.665,7,7183,4.48,324,9.73
2026-06-21,3TayWGNOyrY,Switch Off | Dilruba Music for Digital Detox | 1 Hour Reset,2026-04-11,328,50.6202,4,7908,2.97,555,15.43
2026-06-21,sVWGIOKA8gY,Deep Focus Music | 40Hz Gamma Binaural Beats for Concentration,2026-04-05,756,45.1412,13,7427,6.56,214,15.27
2026-06-21,LMnHS9drakg,Cello for Creative Flow | 20 Min Focus | 6Hz Theta Waves,2026-04-09,417,35.0657,5,6908,3.37,302,25.16
2026-06-21,PCshMQuu41I,ADHD Brain Fog Music | Sitar + 40Hz Gamma | 1 Hour Focus,2026-04-20,335,33.0888,9,8245,2.74,355,9.87
2026-06-21,bM4M5T6wW48,Brain Fog? | Think Clearly with Sarangi 40Hz Gamma | 1 Hour,2026-04-07,346,26.67,3,6096,4.0,277,7.71
2026-06-21,4jtrdy4lfQU,Let Go Before Sleep | 40 Min Tanpura Drone for Insomnia & Calm,2026-04-19,258,26.5162,2,7533,2.28,369,15.4
2026-06-21,62FI6ji47L8,Emotional Detox | Healing Violin | 1 Hour Release,2026-04-11,314,25.3453,5,6888,3.16,290,8.07
2026-06-21,o71DBMDTHyc,Mindful Music | Relaxation | 40Hz Gamma Binaural Beats,2026-04-06,307,23.7107,4,6120,2.92,278,11.74
2026-06-21,sGmvP8MMitg,Focus Music | Bamboo Flute 40Hz | Deep Work 1 Hour,2026-04-14,217,19.7031,3,6149,2.7,326,7.38
2026-06-21,0tbB-bD6wz0,Bansuri for Anxiety & Overthinking 🌿 | Mind Too Loud | 528Hz,2026-04-16,218,15.0628,5,5965,2.48,248,6.9
2026-06-21,1zXHn2Bpmms,Overcome Procrastination | Esraj Music | Start working now,2026-04-10,168,10.6045,3,4279,2.64,227,6.31
2026-06-21,pyw51HQXMiQ,1-Min Sitar Meditation · Indian Classical Calm #sitar #sitarmusic #meditationmusic #relaxingmusic,2026-05-03,956,8.1291,5,6797,6.33,43,71.66
2026-06-21,SHCYDfIMMkg,Feel Good · Gentle Acoustic Guitar · 1-Minute Mood Lift  #focusmusic #deepwork #indianclassicalmusic,2026-05-03,646,7.8554,1,6437,3.39,68,114.81
2026-06-21,eTi77RazJHM,Hear This · Electric Oud Fusion · 1 Minute Mood Reset #meditationmusic  #1minutecalm #focusmusic,2026-05-02,601,4.6751,1,2830,5.09,40,66.35
2026-06-21,mboU-eNrY-o,Pause Here · 1 Minute Tanpura Calm · Reset Your Mind 🌙,2026-05-02,404,2.517,2,4458,2.29,31,51.25
2026-05-28,3LZYCjFOeS4,Focus Music Santoor | 40Hz Gamma Waves | 40 Min Deep Work,2026-04-15,582,213.839,0,5579,2.04,1322,55.07
2026-05-28,IwzyemqVh7c,Brain Reset Music | Sitar for Mental Clarity | 20 Minutes,2026-04-12,584,100.9289,4,5410,3.36,622,51.8
2026-05-28,XSIsS9ZZgLg,Nervous System Reset | Quiet Your Mind with Dilruba Instrumental Music | 1 Hour,2026-04-23,396,76.3034,4,7717,3.06,693,16.55
2026-05-28,ZyV0OfIdDKs,Mental Break | Sitar for Mind Reset | 1 hr,2026-04-30,562,65.9853,5,9723,2.99,422,35.19
2026-05-28,Tw2jFE-srGc,Mind at Rest | Sitar & Alpha Waves | 1 Hour Anxiety Relief Music,2026-04-21,347,56.5903,3,7447,2.93,587,16.35
2026-05-28,3TayWGNOyrY,Switch Off | Dilruba Music for Digital Detox | 1 Hour Reset,2026-04-11,150,31.522,2,3410,3.05,756,21.01
2026-05-28,dyb6inFSyik,Tabla Music for Morning Focus & Motivation | 40Hz Gamma Energy,2026-04-13,381,31.462,4,4341,4.58,297,8.92
2026-05-28,8XDHxadprKs,Positive Vibes Music | Feel Good Hour | 1 Hour,2026-04-13,202,30.2665,0,3563,4.04,539,14.97
2026-05-28,LMnHS9drakg,Cello for Creative Flow | 20 Min Focus | 6Hz Theta Waves,2026-04-09,261,27.9764,1,3449,3.65,385,32.08
2026-05-28,sVWGIOKA8gY,Deep Focus Music | 40Hz Gamma Binaural Beats for Concentration,2026-04-05,282,15.9315,4,1343,14.74,203,14.44
2026-05-28,PCshMQuu41I,ADHD Brain Fog Music | Sitar + 40Hz Gamma | 1 Hour Focus,2026-04-20,180,14.0191,3,4443,2.72,280,7.78
2026-05-28,bM4M5T6wW48,Brain Fog? | Think Clearly with Sarangi 40Hz Gamma | 1 Hour,2026-04-07,192,12.0196,3,2605,5.57,225,6.26
2026-05-28,4jtrdy4lfQU,Let Go Before Sleep | 40 Min Tanpura Drone for Insomnia & Calm,2026-04-19,125,11.9029,2,4141,2.29,342,14.27
2026-05-28,62FI6ji47L8,Emotional Detox | Healing Violin | 1 Hour Release,2026-04-11,122,10.3046,2,3149,2.86,304,8.44
2026-05-28,sGmvP8MMitg,Focus Music | Bamboo Flute 40Hz | Deep Work 1 Hour,2026-04-14,113,7.9164,2,3388,2.72,252,5.69
2026-05-28,1zXHn2Bpmms,Overcome Procrastination | Esraj Music | Start working now,2026-04-10,107,7.3599,1,3045,2.73,247,6.87
2026-05-28,0tbB-bD6wz0,Bansuri for Anxiety & Overthinking 🌿 | Mind Too Loud | 528Hz,2026-04-16,121,6.9979,4,3802,2.42,208,5.78
2026-05-28,o71DBMDTHyc,Mindful Music | Relaxation | 40Hz Gamma Binaural Beats,2026-04-06,105,6.5743,3,2258,3.45,225,9.52
2026-05-28,FQdazFAHWOo,Overthinking? Trust Your Gut | Swaramandal Delta Waves for Intuition Awakening,2026-04-14,71,5.7105,0,2523,1.9,289,5.89
2026-05-28,pyw51HQXMiQ,1-Min Sitar Meditation · Indian Classical Calm #sitar #sitarmusic #meditationmusic #relaxingmusic,2026-05-03,520,3.619,2,4090,5.7,35,58.0
2026-05-28,eTi77RazJHM,Hear This · Electric Oud Fusion · 1 Minute Mood Reset #meditationmusic  #1minutecalm #focusmusic,2026-05-02,389,3.4097,0,1894,5.07,43,70.55
2026-05-28,SHCYDfIMMkg,Feel Good · Gentle Acoustic Guitar · 1-Minute Mood Lift  #focusmusic #deepwork #indianclassicalmusic,2026-05-03,351,2.5233,1,3218,3.95,36,61.01
2026-05-28,mboU-eNrY-o,Pause Here · 1 Minute Tanpura Calm · Reset Your Mind 🌙,2026-05-02,267,1.4948,1,2561,2.66,26,42.75
2026-06-03,SEw8IsSXRSU,Sitar for Dopamine Reset | Indian Classical Music for Mindfulness,2026-04-29,1018447,229376.1266,11815,22018047,3.24,810,15.01
2026-06-03,DMcoOLvmAyQ,Morning Energy Music | Dilruba Raga Yaman | 1 Hour,2026-05-09,174137,64574.4475,1191,3269876,3.75,1334,24.72
2026-06-03,QNmoY_K5MxI,Bansuri for Sound Sleep | Deep Sleep Music | 1 Hour,2026-05-07,86879,20563.6647,572,1407610,4.94,852,15.78
2026-06-03,52YU6Q64zVw,Sitar for Nervous System Healing | Indian Classical Music for Calmness | 1.5 Hours,2026-05-05,46736,18277.1122,168,974731,3.26,1407,26.05
2026-06-03,AVg7n2rEBG4,Productive Day Music | Positive Morning Vibes | 1 Hour Bansuri Session,2026-05-05,42732,17529.4486,308,625449,4.92,1476,27.35
2026-06-03,pivzhMAQFuQ,3 Hour Bansuri Music for Relaxation | Indian Classical Music for Deep Sleep,2026-05-17,24251,15942.0432,152,234510,5.92,2366,21.91
2026-06-03,mjd89dJLam0,Yoga Music | Positive Energy Frequency | 1 Hour,2026-05-07,27958,13846.5093,109,435623,4.6,1782,33.02
2026-06-03,m6aFcw2f58o,Deep Rest Music | Find Stillness with Surbahar | 1.5 Hours,2026-04-28,39768,13455.8195,242,797059,3.7,1218,22.55
2026-06-03,mDCDS2TlK4k,Sitar for Brain Detox | Clear Your Mind | 1.5 Hours of Indian Classical Music,2026-05-19,22725,10334.3538,100,482827,3.18,1637,30.32
2026-06-03,95NmnEaWJGw,Sitar Music to Start Your Morning Right | 1.5 Hours,2026-05-26,17171,7698.0735,117,265938,4.55,1613,29.89
2026-06-03,pMDVh0dzUdI,Anxiety Relief Music | Clear Your Mind | 1 Hour Dilruba Session,2026-05-01,15404,7452.6542,37,260978,4.31,1741,32.25
2026-06-03,Cih09cj7bnY,Morning Motivation | Sitar Music Instrumental | 1.5 Hours,2026-05-16,15515,6469.6852,108,242282,4.6,1501,27.8
2026-06-03,KeEFFkaCMRk,Joyful Music | Positive Vibes Music with Santoor | 1 Hour,2026-05-08,13471,5809.215,79,193569,5.1,1552,28.75
2026-06-03,7PDDveKXLbs,Can't Fall Asleep | Raga Yaman Bansuri | Delta Wave Sleep Session | 1 Hour,2026-04-22,20745,5070.51,105,323897,4.96,879,20.95
2026-06-03,cLfbEA5506U,Calm Music | Sitar for Cortisol Reset | 1.5 hours healing,2026-05-11,10812,4307.7428,52,175430,3.9,1434,26.56
2026-06-03,P-DIkbxipB8,Comfort Music | Healing Music with Sarangi | 1 Hour,2026-05-04,7200,2854.4091,46,167350,3.08,1427,26.43
2026-06-03,h7jE3BbxdN4,Calm Your Mind |  Veena Healing Music | 1 hour,2026-04-26,5545,2332.8036,28,73116,5.55,1514,33.94
2026-06-03,sSwLnfp77ig,Music for Morning Anxiety | Sarod Instrumental | 1.5 hrs,2026-05-28,4838,2324.582,16,89978,3.99,1729,32.03
2026-06-03,Z6dZjnUzNXQ,Release Stress | Burnout Music | Santoor & 528Hz,2026-04-27,5305,2244.3039,20,90189,4.12,1522,33.84
2026-06-03,Bc92MEMzd5g,Burnout Recovery | Vagus Nerve Reset with Surbahar | 1 Hour,2026-05-09,5625,2203.4916,27,109477,3.82,1410,26.11
2026-06-03,TXfk2UU5MjI,Stress Relief Music | Santoor Instrumental | 3 Hours,2026-05-24,2406,1688.9217,12,29091,4.38,2527,23.4
2026-06-03,BXdEaCum01I,Nostalgia Music | Healing Music with Sarangi | 1.5 Hour,2026-05-10,3648,1442.1904,27,61768,4.1,1423,26.36
2026-06-03,1jrBZH4K_S8,Peaceful Music | Soothing Music with Veena | 1 Hour,2026-05-06,2977,1316.4945,16,51753,4.22,1591,29.5
2026-06-03,nASQJJ0M_Rs,Mental Clarity Music | Slow Sarod | Brain Fog Reset,2026-05-15,3501,1285.7315,29,60573,4.11,1322,24.48
2026-06-03,NDoTueJoTRA,Calm an Overactive Mind | Chandra Raga | Deep Nervous System Healing,2026-05-16,3714,1260.371,30,61490,3.93,1221,22.62
2026-06-03,cWX2U5VgN6M,Morning Reset Music | Slow Sarod | Clear Your Head,2026-05-23,2615,1057.6739,19,43614,4.35,1456,26.96
2026-06-03,ol5ryBrju2c,Deep Relaxation Music | Slow Surbahar | 1.5 Hours,2026-05-21,2898,1046.7405,19,44710,4.44,1300,24.08
2026-06-03,ele9iYvf5x4,Sleep Music | Drift Off Effortlessly | 1.5 Hours Bansuri,2026-05-29,2653,841.0666,26,41887,4.78,1141,21.13
2026-06-03,0n08FIuVMyw,Uplifting Music | Dilruba for Morning Energy | 1.5 Hours,2026-05-19,2458,699.5082,12,40074,4.15,1024,18.97
2026-06-03,dFi4GBSpbCM,Clear Your Head Music | Slow Sarod | Indian Classical,2026-06-02,1751,697.8382,6,34839,3.78,1434,26.57
2026-06-03,ZwJiMj0Vjak,Restless Mind | Slow Veena | 1.5 Hours of Rest,2026-05-23,2180,695.1106,12,44738,3.53,1147,21.25
2026-06-03,DubeTsFevyI,Start Your Day With Peace | Calm Bansuri Meditation | 1.5 hours,2026-05-13,2149,638.9865,14,39901,3.6,1070,19.82
2026-06-03,izpOuUSyH5Q,Morning Energy Music | Santoor Instrumental | Positive Vibes,2026-05-14,2327,621.8673,20,37576,4.31,962,17.81
2026-06-03,j-B5f9o9QHA,Overthinking Music | Dilruba Instrumental | 1.5 Hours,2026-05-26,1942,619.1936,18,34276,3.74,1147,21.26
2026-06-03,Y6Ob2P34DHA,Overthinking Music | Healing with Bamboo Flute & Tanpura | 1 Hour,2026-05-03,1561,614.4463,14,27804,4.17,1417,26.24
2026-06-03,FsYTGhdm2uM,Breathe And Relax | Slow Down Music | Veena Instrumental,2026-05-02,1403,613.6727,12,21047,4.25,1574,29.16
2026-06-03,5UGTuyNHHHE,Stress Relief Music | Deep Meditation with Veena | 1 Hour,2026-04-24,1522,578.8143,9,22225,4.22,1369,32.6
2026-06-03,qZZuJV79mDc,1.5 Hour Bansuri to Unwind | Breathe and Let Go,2026-05-22,2232,556.5274,21,38128,4.2,897,16.62
2026-06-03,O8z-M9lOIzM,Insomnia Relief Music | Tanpura Drone | 1.5 Hours,2026-05-13,2002,516.2867,22,32739,4.55,928,17.19
2026-06-03,xY3GQ28LBn0,Let Go Of Stress | Sarangi for Emotional Release | 1.5 Hours,2026-05-18,1885,497.6513,15,36031,3.74,950,17.6
2026-06-03,5hYSZG2qPXc,Inner Peace Music | Sarangi Healing | 1.5 Hours,2026-05-25,1586,496.5989,9,32209,3.37,1127,20.87
2026-06-03,eaxs5hLcD4U,Sound Healing Music | Slow Surbahar | 1.5 Hours of Rest,2026-05-14,1469,475.6628,6,28873,3.51,1165,21.57
2026-06-03,jEPphCcbJ80,Yoga & Meditation Music | Sarangi & Tabla | Indian Classical,2026-05-30,1306,463.9306,13,22613,4.28,1278,23.68
2026-06-03,giuRQmp9E1c,Rest Your Mind | Surbahar for Calmness | 1.5 Hours,2026-05-27,1454,460.7575,10,28292,3.46,1140,21.13
2026-06-03,rXMUwrOvqqY,Good Energy Music | Santoor for Positive Vibes | 1.5 Hours,2026-05-28,1450,430.9031,16,22286,4.56,1069,19.81
2026-06-03,YZ3xQsejPEs,Morning Meditation Music | Tanpura Instrumental | 1.5 Hours of Peaceful Focus,2026-05-21,1340,405.1679,7,23625,4.16,1088,20.15
2026-06-03,g3v4KTVRNEQ,Relaxation Music | Bansuri Raga & 432Hz Evening Session | 1 Hour,2026-04-25,1052,392.9979,7,18456,3.87,1344,29.88
2026-06-03,O2Z_XApzvYc,Instant focus music  | Sitar Instrumental | 1 hour,2026-04-30,963,330.923,7,14064,4.2,1237,22.9
2026-06-03,0Vv0INZ2sVI,Mental Stillness Music | Slow Santoor | 1.5 Hours,2026-05-20,944,261.5319,10,18706,3.5,997,18.57
2026-06-03,3LZYCjFOeS4,Focus Music Santoor | 40Hz Gamma Waves | 40 Min Deep Work,2026-04-15,585,206.4674,1,6331,2.01,1270,52.9
2026-06-03,HK1YE5xexHI,Sitar to Unclog Your Brain | Instrumental Music | 3 Hours,2026-05-31,705,200.3675,12,10479,3.94,1023,9.47
2026-06-03,Ueean0nyIoI,Music for Tired Mind | Slow down with Veena | 1.5 Hours,2026-05-12,808,194.4909,6,19759,2.93,866,16.04
2026-06-03,gHfYwpaefII,Deep Relaxation | Release the Day | 1.5 Hours Dilruba Instrumental,2026-06-01,531,115.5654,7,10514,3.66,783,14.51
2026-06-03,PncNidXk4SM,Calming Music for Anxiety | Slow Bansuri | Indian Classical,2026-06-02,414,94.1582,5,7313,4.16,818,15.18
2026-06-03,IwzyemqVh7c,Brain Reset Music | Sitar for Mental Clarity | 20 Minutes,2026-04-12,513,86.0557,2,5797,2.93,603,50.28
2026-06-03,XSIsS9ZZgLg,Nervous System Reset | Quiet Your Mind with Dilruba Instrumental Music | 1 Hour,2026-04-23,337,70.7999,2,7328,2.66,756,18.05
2026-06-03,Tw2jFE-srGc,Mind at Rest | Sitar & Alpha Waves | 1 Hour Anxiety Relief Music,2026-04-21,413,69.2547,3,8954,2.9,603,16.82
2026-06-03,ZyV0OfIdDKs,Mental Break | Sitar for Mind Reset | 20 Minutes,2026-04-30,510,60.5882,4,9028,2.8,427,35.61
2026-06-03,8XDHxadprKs,Positive Vibes Music | Feel Good Hour | 1 Hour,2026-04-13,268,46.1487,1,4411,4.24,619,17.21
2026-06-03,3TayWGNOyrY,Switch Off | Dilruba Music for Digital Detox | 1 Hour Reset,2026-04-11,198,37.8112,2,4230,3.17,687,19.09
2026-06-03,dyb6inFSyik,Tabla Music for Morning Focus & Motivation | 40Hz Gamma Energy,2026-04-13,446,36.8874,6,5346,4.3,297,8.94
2026-06-03,LMnHS9drakg,Cello for Creative Flow | 20 Min Focus | 6Hz Theta Waves,2026-04-09,303,29.5301,2,4236,3.66,350,29.16
2026-06-03,sVWGIOKA8gY,Deep Focus Music | 40Hz Gamma Binaural Beats for Concentration,2026-04-05,375,20.8537,8,1685,15.25,200,14.22
2026-06-03,PCshMQuu41I,ADHD Brain Fog Music | Sitar + 40Hz Gamma | 1 Hour Focus,2026-04-20,217,19.3766,6,5119,2.81,321,8.92
2026-06-03,bM4M5T6wW48,Brain Fog? | Think Clearly with Sarangi 40Hz Gamma | 1 Hour,2026-04-07,229,14.2818,3,3395,5.13,224,6.23
2026-06-03,4jtrdy4lfQU,Let Go Before Sleep | 40 Min Tanpura Drone for Insomnia & Calm,2026-04-19,163,13.6864,2,4904,2.49,302,12.58
2026-06-03,sGmvP8MMitg,Focus Music | Bamboo Flute 40Hz | Deep Work 1 Hour,2026-04-14,136,10.5239,2,4105,2.63,278,6.29
2026-06-03,o71DBMDTHyc,Mindful Music | Relaxation | 40Hz Gamma Binaural Beats,2026-04-06,156,9.9434,2,2997,3.47,229,9.69
2026-06-03,62FI6ji47L8,Emotional Detox | Healing Violin | 1 Hour Release,2026-04-11,150,9.3524,3,3868,2.84,224,6.23
2026-06-03,1zXHn2Bpmms,Overcome Procrastination | Esraj Music | Start working now,2026-04-10,131,9.1715,3,3380,2.87,252,7.0
2026-06-03,0tbB-bD6wz0,Bansuri for Anxiety & Overthinking 🌿 | Mind Too Loud | 528Hz,2026-04-16,156,8.9361,6,4539,2.56,206,5.72
2026-06-03,pyw51HQXMiQ,1-Min Sitar Meditation · Indian Classical Calm #sitar #sitarmusic #meditationmusic #relaxingmusic,2026-05-03,646,6.1357,2,5116,6.35,45,74.82
2026-06-03,SHCYDfIMMkg,Feel Good · Gentle Acoustic Guitar · 1-Minute Mood Lift  #focusmusic #deepwork #indianclassicalmusic,2026-05-03,470,5.698,1,4317,4.1,65,108.81
2026-06-03,eTi77RazJHM,Hear This · Electric Oud Fusion · 1 Minute Mood Reset #meditationmusic  #1minutecalm #focusmusic,2026-05-02,477,4.2215,0,2177,5.47,44,72.49
2026-06-03,mboU-eNrY-o,Pause Here · 1 Minute Tanpura Calm · Reset Your Mind 🌙,2026-05-02,284,1.6801,2,3168,2.59,27,44.53
2026-06-25,SEw8IsSXRSU,Sitar for Dopamine Reset | Indian Classical Music for Mindfulness,2026-04-29,701034,164740.5113,6984,12947171,3.73,846,15.67
2026-06-25,DMcoOLvmAyQ,Morning Energy Music | Dilruba Raga Yaman | 1.5 Hours,2026-05-09,215147,76204.5169,1358,3982067,3.78,1275,23.61
2026-06-25,pivzhMAQFuQ,3 Hour Bansuri Music for Relaxation | Indian Classical Music for Deep Sleep,2026-05-17,46338,31420.4629,234,463984,5.58,2441,22.6
2026-06-25,QNmoY_K5MxI,Bansuri for Sound Sleep | Deep Sleep Music | 1 Hour,2026-05-07,92060,23697.8293,481,1301415,5.39,926,17.16
2026-06-25,52YU6Q64zVw,Sitar for Nervous System Healing | Indian Classical Music for Calmness | 1.5 Hours,2026-05-05,60578,22541.7893,189,1381067,2.93,1339,24.79
2026-06-25,95NmnEaWJGw,Sitar Music to Start Your Morning Right | 1.5 Hours,2026-05-26,43819,19865.263,255,696992,4.23,1632,30.22
2026-06-25,mjd89dJLam0,Yoga Music | Positive Energy Frequency | 1.5 Hour,2026-05-07,22980,11825.6115,67,346776,4.37,1852,34.31
2026-06-25,mDCDS2TlK4k,Sitar for Brain Detox | Clear Your Mind | 1.5 Hours of Indian Classical Music,2026-05-19,21826,10847.3177,67,499938,2.66,1789,33.13
2026-06-25,pMDVh0dzUdI,Anxiety Relief Music | Clear Your Mind | 1 Hour Dilruba Session,2026-05-01,18571,8495.7799,45,336774,4.0,1646,30.49
2026-06-25,AVg7n2rEBG4,Productive Day Music | Positive Morning Vibes | 1 Hour Bansuri Session,2026-05-05,16574,8018.106,63,192529,5.53,1741,32.25
2026-06-25,Cih09cj7bnY,Morning Motivation | Sitar Music Instrumental | 1.5 Hours,2026-05-16,15247,7777.3641,57,171208,5.99,1836,34.01
2026-06-25,KeEFFkaCMRk,Joyful Music | Positive Vibes Music with Santoor | 1 Hour,2026-05-08,13280,6579.3054,44,168619,5.51,1783,33.03
2026-06-25,sSwLnfp77ig,Anxiety Relief Music | Slow Sarod | Indian Classical,2026-05-28,9318,5037.7286,26,147121,4.36,1946,36.04
2026-06-25,cLfbEA5506U,Calm Music | Sitar for Cortisol Reset | 1.5 hours healing,2026-05-11,12223,4176.651,34,101600,4.54,1230,22.78
2026-06-25,m6aFcw2f58o,Deep Rest Music | Find Stillness with Surbahar | 1.5 Hours,2026-04-28,9612,3490.7424,36,161839,4.07,1307,24.21
2026-06-25,7PDDveKXLbs,Can't Fall Asleep | Raga Yaman Bansuri | Delta Wave Sleep Session | 1 Hour,2026-04-22,12457,2978.2857,54,183967,5.08,860,20.48
2026-06-25,TXfk2UU5MjI,Stress Relief Music | Santoor Instrumental | 3 Hours,2026-05-24,3284,2771.391,16,35543,4.71,3038,28.13
2026-06-25,xfcNnj0fF5s,Quiet Night Music | Slow Bansuri Flute | 3 Hours,2026-06-14,5020,2766.5492,19,53737,6.71,1985,18.38
2026-06-25,ele9iYvf5x4,Sleep Music | Drift Off Effortlessly | 1.5 Hours Bansuri,2026-05-29,5796,1960.9007,38,77672,5.37,1217,22.55
2026-06-25,AyM9jWrz-YI,Morning Gratitude Music | Indian Classical | 1.5 Hours,2026-06-18,3972,1830.3184,18,54433,5.39,1658,30.71
2026-06-25,dFi4GBSpbCM,Clear Your Head Music | Slow Sarod | Indian Classical,2026-06-02,3808,1675.735,18,65595,4.08,1584,29.34
2026-06-25,iCEUy5C9vrM,Bright Morning Music | Santoor Instrumental | 1.5 Hours,2026-06-13,3275,1309.3121,20,49308,4.66,1439,26.65
2026-06-25,Bc92MEMzd5g,Burnout Recovery | Vagus Nerve Reset with Surbahar | 1.5 Hours,2026-05-09,1839,977.3195,3,23340,5.48,1913,35.42
2026-06-25,ol5ryBrju2c,Deep Relaxation Music | Slow Surbahar | 1.5 Hours,2026-05-21,1661,964.011,4,18207,5.62,2089,38.69
2026-06-25,vsm6fasbeuA,Productive Morning Music | Bansuri Flute | 1.5 Hours,2026-06-09,2287,958.9325,10,39096,4.12,1509,27.96
2026-06-25,BXdEaCum01I,Nostalgia Music | Healing Music with Sarangi | 1.5 Hour,2026-05-10,1616,931.502,3,17673,5.83,2076,38.45
2026-06-25,fqjZNDFcu-8,Emotional Comfort | Sarangi | Indian Classical,2026-06-04,2356,921.3175,19,42299,3.57,1407,26.07
2026-06-25,rXMUwrOvqqY,Good Energy Music | Santoor for Positive Vibes | 1.5 Hours,2026-05-28,2450,899.3686,20,33222,4.86,1322,24.48
2026-06-25,XEjdiwH1QYo,Music to Quiet the Mind | Slow Sarod | 1.5 Hours,2026-06-07,2404,817.0445,8,48715,3.48,1223,22.65
2026-06-25,nASQJJ0M_Rs,Mental Clarity Music | Slow Sarod | Brain Fog Reset,2026-05-15,1438,807.8477,4,14114,6.86,2020,37.41
2026-06-25,jEPphCcbJ80,Yoga & Meditation Music | Sarangi & Tabla | Indian Classical,2026-05-30,1983,739.2259,15,32938,4.02,1342,24.85
2026-06-25,NDoTueJoTRA,Calm an Overactive Mind | Chandra Raga | Deep Nervous System Healing,2026-05-16,1512,698.5826,7,17678,4.15,1663,30.8
2026-06-25,giuRQmp9E1c,Rest Your Mind | Surbahar for Calmness | 1.5 Hours,2026-05-27,1603,581.534,10,24383,4.03,1306,24.19
2026-06-25,j-B5f9o9QHA,Overthinking Music | Dilruba Instrumental | 1.5 Hours,2026-05-26,1380,537.8392,6,24876,3.58,1400,25.93
2026-06-25,RixDSSQPgF0,Motivation Music | Sitar Instrumental | 1.5 Hours,2026-06-12,1417,504.2678,5,22638,4.53,1281,23.72
2026-06-25,J3I55IPXzL4,Restore Your Mind | Slow Veena | Indian Classical,2026-06-04,1471,448.5619,13,30013,3.38,1097,20.33
2026-06-25,XlNrXRIWvPY,Burnout Recovery Music | Slow Surbahar | 1.5 Hours,2026-06-11,1674,444.6559,13,35335,3.32,956,17.71
2026-06-25,0n08FIuVMyw,Uplifting Music | Dilruba for Morning Energy | 1.5 Hours,2026-05-19,1139,442.5653,7,12267,5.63,1398,25.9
2026-06-25,HK1YE5xexHI,Sitar to Unclog Your Brain | Instrumental Music | 3 Hours,2026-05-31,1127,410.7727,19,18968,3.52,1312,12.15
2026-06-25,h7jE3BbxdN4,Calm Your Mind |  Veena Healing Music | 1 hour,2026-04-26,1011,402.5575,10,13810,4.63,1433,32.12
2026-06-25,nZ5-DTs48h4,Music for a Tired Soul | Sleep Better | 1.5 Hours of Indian Flute,2026-06-05,1483,352.3012,13,21183,4.99,855,15.83
2026-06-25,MJe609hUnJw,Meditation Music | Slow Surbahar | Indian Classical,2026-06-03,1164,352.1819,8,23139,3.57,1089,20.17
2026-06-25,cWX2U5VgN6M,Morning Reset Music | Sarod Instrumental | Clear Your Head,2026-05-23,780,351.6817,7,12040,3.8,1623,30.05
2026-06-25,_0HiLlkjl3E,Sitar for Cortisol Reset | Indian Instrumental Music | 1.5 Hours,2026-06-08,1259,317.6768,11,20175,4.23,908,16.82
2026-06-25,qZZuJV79mDc,1.5 Hour Bansuri to Unwind | Breathe and Let Go,2026-05-22,830,310.6353,4,10249,4.56,1347,24.95
2026-06-25,P-DIkbxipB8,Comfort Music | Healing Music with Sarangi | 1 Hour,2026-05-04,726,307.8041,2,11283,3.69,1526,28.26
2026-06-25,O44Gj_fCvHg,Music for a Heavy Heart | Indian Classical | 1.5 Hours,2026-06-19,998,304.5829,7,18517,3.8,1098,20.34
2026-06-25,Z6dZjnUzNXQ,Release Stress | Burnout Music | Santoor & 528Hz,2026-04-27,706,291.1372,1,10718,4.16,1484,32.98
2026-06-25,ZwJiMj0Vjak,Restless Mind | Slow Veena | 1.5 Hours of Rest,2026-05-23,639,287.9409,1,11542,3.07,1622,30.04
2026-06-25,NMs-TKYXpzQ,Wind Down Music | Slow Sarod | Indian Classical,2026-06-15,924,281.1486,5,23107,2.95,1095,20.28
2026-06-25,wnp4F-wquvE,Sunrise Music | Dilruba Raga Yaman | 1.5 Hours,2026-06-10,982,273.7457,10,21963,3.18,1003,18.58
2026-06-25,9nkoB-lwuiM,Mindful Morning Music | Indian Classical | 1.5 Hours,2026-06-20,886,268.2668,7,15215,4.1,1090,20.2
2026-06-25,uxkD-QODdFY,Music for Mental Fatigue | Sitar Music | 1.5 Hours,2026-06-16,1012,264.0053,5,21984,3.29,939,17.39
2026-06-25,5hYSZG2qPXc,Inner Peace Music | Sarangi Healing | 1.5 Hours,2026-05-25,768,255.0478,5,12805,3.4,1195,22.14
2026-06-25,0kLeLN3jqoM,Music to Release Tension | Indian Classical | 1 Hour,2026-06-17,1194,248.0684,8,27672,3.11,747,20.78
2026-06-25,riYWgaLsFLU,Inner Stillness Music | Slow Tanpura Drone | 1.5 Hours,2026-06-06,1070,248.0525,9,21986,3.32,834,15.45
2026-06-25,1jrBZH4K_S8,Peaceful Music | Soothing Music with Veena | 1 Hour,2026-05-06,458,230.1361,2,6408,4.14,1808,33.52
2026-06-25,PncNidXk4SM,Calming Music for Anxiety | Slow Bansuri | Indian Classical,2026-06-02,1022,206.2276,8,20278,3.56,726,13.47
2026-06-25,vjv4ZUNj9ag,Positive Energy Music | Dopamine Boost with Sitar & Bansuri | 1.5 Hours,2026-06-22,881,205.5137,6,17179,3.92,839,15.55
2026-06-25,IdRogVb7xOA,Mental Health Music | Rest Better | Veena Instrumental | 1.5 Hours,2026-06-09,1058,192.7223,5,20679,3.76,655,12.14
2026-06-25,FsYTGhdm2uM,Breathe And Relax | Slow Down Music | Veena Instrumental,2026-05-02,362,190.2058,1,6391,3.57,1891,35.03
2026-06-25,wU3XQgkxwIo,Meditation Music | Sarangi & Tabla | 1.5 Hours,2026-06-11,943,187.1761,15,19039,3.6,714,13.23
2026-06-25,gHfYwpaefII,Deep Relaxation | Dilruba Instrumental Music | 1.5 Hours,2026-06-01,853,171.8416,12,17907,3.38,725,13.43
2026-06-25,3LZYCjFOeS4,Focus Music Santoor | 40Hz Gamma Waves | 40 Min Deep Work,2026-04-15,556,168.2856,2,3381,2.54,1089,45.36
2026-06-25,DubeTsFevyI,Start Your Day With Peace | Calm Bansuri Meditation | 1.5 hours,2026-05-13,390,162.3391,2,5875,3.78,1498,27.75
2026-06-25,liLFWYpEP80,Music for Digital Burnout | Surbahar Instrumental | 1.5 Hours,2026-06-23,601,158.3131,1,13747,3.22,948,17.56
2026-06-25,Y6Ob2P34DHA,Overthinking Music | Healing with Bamboo Flute & Tanpura | 1 Hour,2026-05-03,280,134.2136,2,4689,3.5,1725,31.96
2026-06-25,0Vv0INZ2sVI,Mental Stillness Music | Slow Santoor | 1.5 Hours,2026-05-20,311,128.7275,1,6811,2.73,1490,27.75
2026-06-25,YZ3xQsejPEs,Morning Meditation Music | Tanpura Instrumental | 1.5 Hours of Peaceful Focus,2026-05-21,321,123.2799,0,7273,2.78,1382,25.6
2026-06-25,xY3GQ28LBn0,Let Go Of Stress | Sarangi for Emotional Release | 1.5 Hours,2026-05-18,290,93.1221,0,6613,2.63,1155,21.41
2026-06-25,5UGTuyNHHHE,Stress Relief Music | Deep Meditation with Veena | 1 Hour,2026-04-24,235,81.2511,0,4264,2.46,1244,29.64
2026-06-25,izpOuUSyH5Q,Morning Energy Music | Santoor Instrumental | Positive Vibes,2026-05-14,410,80.4817,2,6145,4.2,706,13.08
2026-06-25,O2Z_XApzvYc,Instant focus music  | Sitar Instrumental | 1 hour,2026-04-30,280,78.0543,4,3578,2.91,1003,18.58
2026-06-25,O8z-M9lOIzM,Insomnia Relief Music | Tanpura Drone | 1.5 Hours,2026-05-13,226,76.356,2,5017,2.61,1216,22.52
2026-06-25,T4jlUguclY8,Deep Relaxation Music | Santoor Instrumental | 1.5 Hours,2026-06-24,250,70.4834,0,5090,3.56,1014,18.8
2026-06-25,eaxs5hLcD4U,Sound Healing Music | Slow Surbahar | 1.5 Hours of Rest,2026-05-14,177,65.3162,1,5092,1.9,1328,24.58
2026-06-25,8XDHxadprKs,Positive Vibes Music | Feel Good Hour | 1 Hour,2026-04-13,217,44.9243,3,3154,4.19,745,20.69
2026-06-25,g3v4KTVRNEQ,Relaxation Music | Bansuri Raga & 432Hz Evening Session | 1 Hour,2026-04-25,140,38.3209,1,3320,2.17,985,21.89
2026-06-25,XSIsS9ZZgLg,Nervous System Reset | Quiet Your Mind with Dilruba Instrumental Music | 1 Hour,2026-04-23,114,30.3322,0,2530,2.17,957,22.86
2026-06-25,sVWGIOKA8gY,Deep Focus Music | 40Hz Gamma Binaural Beats for Concentration,2026-04-05,281,22.179,5,1155,15.06,284,20.18
2026-06-25,Tw2jFE-srGc,Mind at Rest | Sitar & Alpha Waves | 1 Hour Anxiety Relief Music,2026-04-21,132,17.6263,0,3053,2.85,480,13.39
2026-06-25,Ueean0nyIoI,Music for Tired Mind | Slow down with Veena | 1.5 Hours,2026-05-12,98,16.7318,1,3981,1.43,614,11.38
2026-06-25,dyb6inFSyik,Tabla Music for Morning Focus & Motivation | 40Hz Gamma Energy,2026-04-13,181,16.5213,2,2710,3.84,328,9.86
2026-06-25,o71DBMDTHyc,Mindful Music | Relaxation | 40Hz Gamma Binaural Beats,2026-04-06,144,13.5297,1,2197,3.55,338,14.28
2026-06-25,4jtrdy4lfQU,Let Go Before Sleep | 40 Min Tanpura Drone for Insomnia & Calm,2026-04-19,100,12.8418,0,2282,2.37,462,19.24
2026-06-25,PCshMQuu41I,ADHD Brain Fog Music | Sitar + 40Hz Gamma | 1 Hour Focus,2026-04-20,98,12.77,3,2202,2.95,469,13.02
2026-06-25,3TayWGNOyrY,Switch Off | Dilruba Music for Digital Detox | 1 Hour Reset,2026-04-11,112,12.2922,1,2227,3.14,395,10.97
2026-06-25,sGmvP8MMitg,Focus Music | Bamboo Flute 40Hz | Deep Work 1 Hour,2026-04-14,94,10.1927,1,1865,3.54,390,8.81
2026-06-25,IwzyemqVh7c,Brain Reset Music | Sitar for Mental Clarity | 20 Minutes,2026-04-12,117,8.8961,0,2314,2.38,273,22.79
2026-06-25,bM4M5T6wW48,Brain Fog? | Think Clearly with Sarangi 40Hz Gamma | 1 Hour,2026-04-07,128,8.5959,0,2019,4.11,241,6.71
2026-06-25,ZyV0OfIdDKs,Mental Break | Sitar for Mind Reset | 20 Minutes,2026-04-30,94,8.3972,3,3004,1.96,321,26.78
2026-06-25,0tbB-bD6wz0,Bansuri for Anxiety & Overthinking 🌿 | Mind Too Loud | 528Hz,2026-04-16,88,6.5961,1,2047,2.64,269,7.49
2026-06-25,LMnHS9drakg,Cello for Creative Flow | 20 Min Focus | 6Hz Theta Waves,2026-04-09,109,6.5461,1,2282,3.02,216,17.97
2026-06-25,SHCYDfIMMkg,Feel Good · Gentle Acoustic Guitar · 1-Minute Mood Lift  #focusmusic #deepwork #indianclassicalmusic,2026-05-03,312,5.0345,2,3422,2.72,104,174.97
2026-06-25,62FI6ji47L8,Emotional Detox | Healing Violin | 1 Hour Release,2026-04-11,122,4.4342,1,2329,3.48,130,3.63
2026-06-25,pyw51HQXMiQ,1-Min Sitar Meditation · Indian Classical Calm #sitar #sitarmusic #meditationmusic #relaxingmusic,2026-05-03,461,4.1377,3,2871,7.45,45,75.26
2026-06-25,1zXHn2Bpmms,Overcome Procrastination | Esraj Music | Start working now,2026-04-10,31,2.5086,1,361,4.16,291,8.09
2026-06-25,eTi77RazJHM,Hear This · Electric Oud Fusion · 1 Minute Mood Reset #meditationmusic  #1minutecalm #focusmusic,2026-05-02,228,1.2892,1,1005,4.58,32,53.94
2026-06-25,mboU-eNrY-o,Pause Here · 1 Minute Tanpura Calm · Reset Your Mind 🌙,2026-05-02,146,1.0289,1,2098,1.72,40,67.16
2026-07-02,SEw8IsSXRSU,Sitar for Dopamine Reset | Indian Classical Music for Mindfulness,2026-04-29,642430,153671.1109,6019,11119444,3.94,860,15.94
2026-07-02,DMcoOLvmAyQ,Morning Energy Music | Dilruba Raga Yaman | 1.5 Hours,2026-05-09,151745,51445.3733,863,2799340,3.77,1220,22.6
2026-07-02,pivzhMAQFuQ,3 Hour Bansuri Music for Relaxation | Indian Classical Music for Deep Sleep,2026-05-17,41442,27873.559,199,417158,5.44,2420,22.41
2026-07-02,QNmoY_K5MxI,Bansuri for Sound Sleep | Deep Sleep Music | 1 Hour,2026-05-07,94971,24124.5692,475,1279608,5.68,914,16.93
2026-07-02,52YU6Q64zVw,Sitar for Nervous System Healing | Indian Classical Music for Calmness | 1.5 Hours,2026-05-05,52256,19768.414,164,1122043,3.11,1361,25.19
2026-07-02,95NmnEaWJGw,Sitar Music to Start Your Morning Right | 1.5 Hours,2026-05-26,38040,17158.698,190,585961,4.33,1624,30.07
2026-07-02,mjd89dJLam0,Yoga Music | Positive Energy Frequency | 1.5 Hour,2026-05-07,17829,9207.5776,50,263309,4.38,1859,34.43
2026-07-02,mDCDS2TlK4k,Sitar for Brain Detox | Clear Your Mind | 1.5 Hours of Indian Classical Music,2026-05-19,16747,8504.4078,57,373675,2.76,1828,33.86
2026-07-02,Cih09cj7bnY,Morning Motivation | Sitar Music Instrumental | 1.5 Hours,2026-05-16,15245,7863.7879,56,168044,6.1,1857,34.4
2026-07-02,AVg7n2rEBG4,Productive Day Music | Positive Morning Vibes | 1 Hour Bansuri Session,2026-05-05,14505,7007.8343,51,164284,5.65,1739,32.22
2026-07-02,KeEFFkaCMRk,Joyful Music | Positive Vibes Music with Santoor | 1 Hour,2026-05-08,11611,5657.7435,38,142174,5.68,1755,32.51
2026-07-02,pMDVh0dzUdI,Anxiety Relief Music | Clear Your Mind | 1 Hour Dilruba Session,2026-05-01,11197,5013.4091,26,201487,3.84,1612,29.85
2026-07-02,xfcNnj0fF5s,Quiet Night Music | Slow Bansuri Flute | 3 Hours,2026-06-14,8177,4747.6107,41,80690,7.01,2087,19.32
2026-07-02,cLfbEA5506U,Calm Music | Sitar for Cortisol Reset | 1.5 hours healing,2026-05-11,12064,4083.2528,29,98556,4.46,1219,22.57
2026-07-02,sSwLnfp77ig,Anxiety Relief Music | Slow Sarod | Indian Classical,2026-05-28,5646,3278.5938,13,75441,4.79,2091,38.74
2026-07-02,AyM9jWrz-YI,Morning Gratitude Music | Indian Classical | 1.5 Hours,2026-06-18,5818,2813.5925,24,72219,5.81,1739,32.21
2026-07-02,m6aFcw2f58o,Deep Rest Music | Find Stillness with Surbahar | 1.5 Hours,2026-04-28,7055,2553.1262,19,113669,4.17,1302,24.11
2026-07-02,7PDDveKXLbs,Can't Fall Asleep | Raga Yaman Bansuri | Delta Wave Sleep Session | 1 Hour,2026-04-22,9178,2215.1541,49,111663,6.1,868,20.68
2026-07-02,TXfk2UU5MjI,Stress Relief Music | Santoor Instrumental | 3 Hours,2026-05-24,2513,2091.0171,7,27515,4.88,2995,27.73
2026-07-02,iCEUy5C9vrM,Bright Morning Music | Santoor Instrumental | 1.5 Hours,2026-06-13,3579,1432.2525,21,53019,4.63,1440,26.67
2026-07-02,ele9iYvf5x4,Sleep Music | Drift Off Effortlessly | 1.5 Hours Bansuri,2026-05-29,3323,1194.6414,11,37688,5.97,1294,23.96
2026-07-02,dFi4GBSpbCM,Clear Your Head Music | Slow Sarod | Indian Classical,2026-06-02,2334,1134.9311,11,33437,4.46,1750,32.41
2026-07-02,vsm6fasbeuA,Productive Morning Music | Bansuri Flute | 1.5 Hours,2026-06-09,2404,1019.5464,10,40524,4.12,1523,28.22
2026-07-02,ol5ryBrju2c,Deep Relaxation Music | Slow Surbahar | 1.5 Hours,2026-05-21,1582,1005.877,3,15557,6.41,2288,42.38
2026-07-02,BXdEaCum01I,Nostalgia Music | Healing Music with Sarangi | 1.5 Hour,2026-05-10,1601,950.7458,1,16162,6.39,2136,39.57
2026-07-02,fqjZNDFcu-8,Emotional Comfort | Sarangi | Indian Classical,2026-06-04,2407,944.2765,19,43522,3.54,1411,26.14
2026-07-02,Bc92MEMzd5g,Burnout Recovery | Vagus Nerve Reset with Surbahar | 1.5 Hours,2026-05-09,1669,909.5852,1,19798,5.86,1961,36.32
2026-07-02,nASQJJ0M_Rs,Mental Clarity Music | Slow Sarod | Brain Fog Reset,2026-05-15,1492,872.1647,3,12808,7.89,2107,39.03
2026-07-02,XEjdiwH1QYo,Music to Quiet the Mind | Slow Sarod | 1.5 Hours,2026-06-07,2480,855.8001,8,50061,3.45,1239,22.96
2026-07-02,NDoTueJoTRA,Calm an Overactive Mind | Chandra Raga | Deep Nervous System Healing,2026-05-16,1259,605.4649,5,13905,4.26,1733,32.1
2026-07-02,NR2zUkZsHzA,Dopamine Detox | Bansuri Music | 1.5 Hours,2026-06-29,1513,527.5518,13,32455,3.55,1255,23.24
2026-07-02,RixDSSQPgF0,Motivation Music | Sitar Instrumental | 1.5 Hours,2026-06-12,1493,522.0806,7,24359,4.39,1258,23.31
2026-07-02,rXMUwrOvqqY,Good Energy Music | Santoor for Positive Vibes | 1.5 Hours,2026-05-28,1077,508.8074,4,11960,5.36,1699,31.47
2026-07-02,vjv4ZUNj9ag,Music for Dopamine Boost | Sitar & Bansuri for Positive Energy | 1.5 Hours,2026-06-22,1748,491.7519,10,31972,4.06,1008,18.68
2026-07-02,J3I55IPXzL4,Restore Your Mind | Slow Veena | Indian Classical,2026-06-04,1513,469.9249,13,31029,3.34,1118,20.71
2026-07-02,XlNrXRIWvPY,Burnout Recovery Music | Slow Surbahar | 1.5 Hours,2026-06-11,1767,466.6622,14,36956,3.34,950,17.61
2026-07-02,0n08FIuVMyw,Uplifting Music | Dilruba for Morning Energy | 1.5 Hours,2026-05-19,986,413.0102,3,9585,6.42,1507,27.91
2026-07-02,O44Gj_fCvHg,Music for a Heavy Heart | Indian Classical | 1.5 Hours,2026-06-19,1191,381.7221,8,22070,3.74,1151,21.33
2026-07-02,giuRQmp9E1c,Rest Your Mind | Surbahar for Calmness | 1.5 Hours,2026-05-27,842,380.1744,2,10073,4.65,1625,30.1
2026-07-02,9nkoB-lwuiM,Mindful Morning Music | Indian Classical | 1.5 Hours,2026-06-20,1183,369.6268,9,19496,4.28,1127,20.88
2026-07-02,nZ5-DTs48h4,Music for a Tired Soul | Sleep Better | 1.5 Hours of Indian Flute,2026-06-05,1549,362.3622,13,22180,4.97,841,15.59
2026-07-02,MJe609hUnJw,Meditation Music | Slow Surbahar | Indian Classical,2026-06-03,1197,362.287,9,24032,3.54,1089,20.17
2026-07-02,_0HiLlkjl3E,Sitar for Cortisol Reset | Indian Instrumental Music | 1.5 Hours,2026-06-08,1354,354.2551,13,21495,4.26,941,17.44
2026-07-02,Gwp8Ba09oYA,Calm Music | Sarod Instrumental | Gentle Healing | 1.5 Hours,2026-06-25,1128,347.5554,7,21835,3.77,1109,20.54
2026-07-02,hyqYExvlnhk,Kindness Music | Warm Bansuri Morning | 1.5 hours,2026-06-26,1193,330.462,10,23972,3.65,997,18.41
2026-07-02,uxkD-QODdFY,Music for Mental Fatigue | Sitar Music | 1.5 Hours,2026-06-16,1146,318.3217,6,24336,3.31,999,18.51
2026-07-02,NMs-TKYXpzQ,Wind Down Music | Slow Sarod | Indian Classical,2026-06-15,1024,316.9453,5,25138,2.99,1118,20.71
2026-07-02,j-B5f9o9QHA,Overthinking Music | Dilruba Instrumental | 1.5 Hours,2026-05-26,621,314.7547,0,10573,3.73,1828,33.87
2026-07-02,jEPphCcbJ80,Yoga & Meditation Music | Sarangi & Tabla | Indian Classical,2026-05-30,738,298.0988,2,11050,3.34,1456,26.98
2026-07-02,0kLeLN3jqoM,Music to Release Tension | Indian Classical | 1 Hour,2026-06-17,1344,295.1577,9,30052,3.12,790,21.95
2026-07-02,qZZuJV79mDc,1.5 Hour Bansuri to Unwind | Breathe and Let Go,2026-05-22,647,295.033,3,6993,4.73,1641,30.4
2026-07-02,cWX2U5VgN6M,Morning Reset Music | Sarod Instrumental | Clear Your Head,2026-05-23,568,287.5335,7,7910,3.98,1822,33.74
2026-07-02,liLFWYpEP80,Music for Digital Burnout | Surbahar Instrumental | 1.5 Hours,2026-06-23,1090,284.0263,7,25500,3.1,933,17.29
2026-07-02,wnp4F-wquvE,Sunrise Music | Dilruba Raga Yaman | 1.5 Hours,2026-06-10,1018,280.066,11,23082,3.12,990,18.34
2026-07-02,riYWgaLsFLU,Inner Stillness Music | Slow Tanpura Drone | 1.5 Hours,2026-06-06,1109,261.8221,9,22958,3.28,849,15.74
2026-07-02,DubeTsFevyI,Start Your Day With Peace | Calm Bansuri Meditation | 1.5 hours,2026-05-13,422,246.062,2,6384,4.62,2099,38.87
2026-07-02,P-DIkbxipB8,Comfort Music | Healing Music with Sarangi | 1 Hour,2026-05-04,508,232.0687,0,6748,3.91,1644,30.45
2026-07-02,HK1YE5xexHI,Sitar to Unclog Your Brain | Instrumental Music | 3 Hours,2026-05-31,463,228.3475,7,9532,2.9,1773,16.42
2026-07-02,h7jE3BbxdN4,Calm Your Mind |  Veena Healing Music | 1 hour,2026-04-26,622,214.7096,4,8576,4.41,1242,27.84
2026-07-02,IdRogVb7xOA,Mental Health Music | Rest Better | Veena Instrumental | 1.5 Hours,2026-06-09,1123,208.0312,5,21821,3.73,666,12.35
2026-07-02,ZwJiMj0Vjak,Music for a Restless Mind | Veena Instrumental | 1.5 Hours,2026-05-23,402,202.8481,0,6997,2.97,1825,33.8
2026-07-02,wU3XQgkxwIo,Meditation Music | Sarangi & Tabla | 1.5 Hours,2026-06-11,993,198.8395,16,20377,3.53,720,13.34
2026-07-02,T4jlUguclY8,Deep Relaxation Music | Santoor Instrumental | 1.5 Hours,2026-06-24,710,188.388,4,14069,3.75,955,17.69
2026-07-02,3LZYCjFOeS4,Focus Music Santoor | 40Hz Gamma Waves | 40 Min Deep Work,2026-04-15,534,166.2365,1,2877,2.75,1120,46.66
2026-07-02,Z6dZjnUzNXQ,Release Stress | Burnout Music | Santoor & 528Hz,2026-04-27,387,155.1057,1,6001,4.05,1442,32.06
2026-07-02,00drZY7jW78,Deep Sleep Music | Surbahar Instrumental | 3 Hours,2026-06-30,324,154.0662,2,6191,3.59,1711,15.85
2026-07-02,5hYSZG2qPXc,Inner Peace Music | Sarangi Healing | 1.5 Hours,2026-05-25,337,121.6879,2,5877,3.1,1299,24.07
2026-07-02,Y6Ob2P34DHA,Overthinking Music | Healing with Bamboo Flute & Tanpura | 1 Hour,2026-05-03,214,120.1816,1,3022,4.1,2021,37.44
2026-07-02,PncNidXk4SM,Calming Music for Anxiety | Slow Bansuri | Indian Classical,2026-06-02,650,117.051,3,13740,3.17,648,12.02
2026-07-02,1jrBZH4K_S8,Peaceful Music | Soothing Music with Veena | 1 Hour,2026-05-06,247,115.8947,2,3723,3.12,1703,31.58
2026-07-02,YZ3xQsejPEs,Morning Meditation Music | Tanpura Instrumental | 1.5 Hours of Peaceful Focus,2026-05-21,242,98.5425,0,5051,2.75,1465,27.14
2026-07-02,xY3GQ28LBn0,Let Go Of Stress | Sarangi for Emotional Release | 1.5 Hours,2026-05-18,228,87.3412,0,4866,3.0,1395,25.85
2026-07-02,0Vv0INZ2sVI,Mental Stillness Music | Slow Santoor | 1.5 Hours,2026-05-20,187,86.504,0,4396,2.48,1665,31.01
2026-07-02,FsYTGhdm2uM,Breathe And Relax | Slow Down Music | Veena Instrumental,2026-05-02,171,82.5793,1,3525,3.01,1738,32.19
2026-07-02,izpOuUSyH5Q,Morning Energy Music | Santoor Instrumental | Positive Vibes,2026-05-14,350,76.7406,2,4626,4.76,789,14.61
2026-07-02,O2Z_XApzvYc,Instant focus music  | Sitar Instrumental | 1 hour,2026-04-30,236,72.5525,3,2750,3.13,1106,20.49
2026-07-02,eaxs5hLcD4U,Sound Healing Music | Slow Surbahar | 1.5 Hours of Rest,2026-05-14,148,62.4556,1,3574,2.24,1519,28.11
2026-07-02,gHfYwpaefII,Deep Relaxation | Dilruba Instrumental Music | 1.5 Hours,2026-06-01,342,62.4055,5,8078,2.76,652,12.08
2026-07-02,O8z-M9lOIzM,Sound Sleep | Relaxing Music with Tanpura | 1.5 Hours,2026-05-13,166,56.53,1,3583,2.4,1224,22.67
2026-07-02,5UGTuyNHHHE,Stress Relief Music | Deep Meditation with Veena | 1 Hour,2026-04-24,136,50.655,0,2845,1.83,1340,31.93
2026-07-02,8XDHxadprKs,Positive Vibes Music | Feel Good Hour | 1 Hour,2026-04-13,188,42.7594,2,2619,4.35,818,22.73
2026-07-02,XSIsS9ZZgLg,Nervous System Reset | Quiet Your Mind with Dilruba Instrumental Music | 1 Hour,2026-04-23,98,31.3673,1,1942,2.52,1152,27.49
2026-07-02,g3v4KTVRNEQ,Relaxation Music | Bansuri Raga & 432Hz Evening Session | 1 Hour,2026-04-25,87,24.2705,1,2331,1.67,1004,22.31
2026-07-02,sVWGIOKA8gY,Deep Focus Music | 40Hz Gamma Binaural Beats for Concentration,2026-04-05,227,19.7871,4,943,14.63,313,22.29
2026-07-02,dyb6inFSyik,Tabla Music for Morning Focus & Motivation | 40Hz Gamma Energy,2026-04-13,142,14.7651,0,2091,4.07,374,11.24
2026-07-02,o71DBMDTHyc,Mindful Music | Relaxation | 40Hz Gamma Binaural Beats,2026-04-06,105,10.9775,1,1510,3.58,376,15.89
2026-07-02,Ueean0nyIoI,Music for Tired Mind | Slow down with Veena | 1.5 Hours,2026-05-12,67,10.8802,1,2839,1.44,584,10.82
2026-07-02,4jtrdy4lfQU,Let Go Before Sleep | 40 Min Tanpura Drone for Insomnia & Calm,2026-04-19,62,9.7253,0,1459,1.92,564,23.5
2026-07-02,IwzyemqVh7c,Brain Reset Music | Sitar for Mental Clarity | 20 Minutes,2026-04-12,96,7.9926,0,1839,2.34,299,24.96
2026-07-02,PCshMQuu41I,ADHD Brain Fog Music | Sitar + 40Hz Gamma | 1 Hour Focus,2026-04-20,55,7.2321,1,1362,2.64,473,13.14
2026-07-02,LMnHS9drakg,Cello for Creative Flow | 20 Min Focus | 6Hz Theta Waves,2026-04-09,93,7.1031,0,1762,3.12,274,22.86
2026-07-02,sGmvP8MMitg,Focus Music | Bamboo Flute 40Hz | Deep Work 1 Hour,2026-04-14,65,6.42,1,1129,3.9,355,8.02
2026-07-02,3TayWGNOyrY,Switch Off | Dilruba Music for Digital Detox | 1 Hour Reset,2026-04-11,68,6.3575,1,1427,3.15,336,9.35
2026-07-02,bM4M5T6wW48,Brain Fog? | Think Clearly with Sarangi 40Hz Gamma | 1 Hour,2026-04-07,85,6.1687,0,1287,3.81,261,7.26
2026-07-02,62FI6ji47L8,Emotional Detox | Healing Violin | 1 Hour Release,2026-04-11,98,4.6639,0,1837,3.76,171,4.76
2026-07-02,0tbB-bD6wz0,Bansuri for Anxiety & Overthinking 🌿 | Mind Too Loud | 528Hz,2026-04-16,52,4.3968,0,1275,2.51,304,8.45
2026-07-02,Tw2jFE-srGc,Mind at Rest | Sitar & Alpha Waves | 1 Hour Anxiety Relief Music,2026-04-21,58,3.7333,0,1821,2.14,231,6.45
2026-07-02,ZyV0OfIdDKs,Mental Break | Sitar for Mind Reset | 20 Minutes,2026-04-30,52,3.6596,2,2187,1.6,253,21.1
2026-07-02,pyw51HQXMiQ,1-Min Sitar Meditation · Indian Classical Calm #sitar #sitarmusic #meditationmusic #relaxingmusic,2026-05-03,333,2.6694,3,2097,7.3,41,68.77
2026-07-02,SHCYDfIMMkg,Feel Good · Gentle Acoustic Guitar · 1-Minute Mood Lift  #focusmusic #deepwork #indianclassicalmusic,2026-05-03,208,1.4644,3,2731,2.09,42,70.09
2026-07-02,mboU-eNrY-o,Pause Here · 1 Minute Tanpura Calm · Reset Your Mind 🌙,2026-05-02,102,0.8232,0,1779,1.29,44,73.33
2026-07-02,1zXHn2Bpmms,Overcome Procrastination | Esraj Music | Start working now,2026-04-10,8,0.6904,0,36,8.33,310,8.62
2026-07-02,eTi77RazJHM,Hear This · Electric Oud Fusion · 1 Minute Mood Reset #meditationmusic  #1minutecalm #focusmusic,2026-05-02,133,0.4669,1,830,3.37,17,28.22
2026-07-05,SEw8IsSXRSU,Sitar for Dopamine Reset | Indian Classical Music for Mindfulness,2026-04-29,615163,148639.1314,5596,10316138,4.05,869,16.11
2026-07-05,DMcoOLvmAyQ,Morning Energy Music | Dilruba Raga Yaman | 1.5 Hours,2026-05-09,131180,43611.8665,675,2480155,3.66,1196,22.16
2026-07-05,pivzhMAQFuQ,3 Hour Bansuri Music for Relaxation | Indian Classical Music for Deep Sleep,2026-05-17,41898,27825.7357,195,424542,5.21,2390,22.14
2026-07-05,QNmoY_K5MxI,Bansuri for Sound Sleep | Deep Sleep Music | 1 Hour,2026-05-07,96426,24394.9019,492,1274963,5.8,910,16.86
2026-07-05,52YU6Q64zVw,Sitar for Nervous System Healing | Indian Classical Music for Calmness | 1.5 Hours,2026-05-05,47870,18390.2379,147,975938,3.26,1383,25.59
2026-07-05,95NmnEaWJGw,Sitar Music to Start Your Morning Right | 1.5 Hours,2026-05-26,36983,16444.1583,174,545189,4.57,1600,29.64
2026-07-05,mjd89dJLam0,Yoga Music | Positive Energy Frequency | 1.5 Hour,2026-05-07,15960,8191.8009,38,235211,4.35,1847,34.22
2026-07-05,mDCDS2TlK4k,Sitar for Brain Detox | Clear Your Mind | 1.5 Hours of Indian Classical Music,2026-05-19,15076,7671.3982,50,336850,2.75,1831,33.92
2026-07-05,Cih09cj7bnY,Morning Motivation | Sitar Music Instrumental | 1.5 Hours,2026-05-16,14295,7327.0498,54,156324,6.08,1845,34.17
2026-07-05,AVg7n2rEBG4,Productive Day Music | Positive Morning Vibes | 1 Hour Bansuri Session,2026-05-05,13760,6615.2314,49,154200,5.59,1730,32.05
2026-07-05,xfcNnj0fF5s,Quiet Night Music | Slow Bansuri Flute | 3 Hours,2026-06-14,10654,6217.4426,51,108097,6.68,2100,19.44
2026-07-05,KeEFFkaCMRk,Joyful Music | Positive Vibes Music with Santoor | 1 Hour,2026-05-08,11772,5699.3264,37,146102,5.66,1742,32.28
2026-07-05,pMDVh0dzUdI,Anxiety Relief Music | Clear Your Mind | 1 Hour Dilruba Session,2026-05-01,8006,3674.2082,17,130230,4.07,1652,30.59
2026-07-05,cLfbEA5506U,Calm Music | Sitar for Cortisol Reset | 1.5 hours healing,2026-05-11,11092,3664.689,30,80445,4.52,1189,22.03
2026-07-05,AyM9jWrz-YI,Morning Gratitude Music | Indian Classical | 1.5 Hours,2026-06-18,6414,3159.5446,26,77532,5.91,1773,32.83
2026-07-05,sSwLnfp77ig,Anxiety Relief Music | Slow Sarod | Indian Classical,2026-05-28,4178,2451.2561,7,52569,5.0,2112,39.11
2026-07-05,m6aFcw2f58o,Deep Rest Music | Find Stillness with Surbahar | 1.5 Hours,2026-04-28,5718,2023.7123,16,92007,4.14,1274,23.59
2026-07-05,7PDDveKXLbs,Can't Fall Asleep | Raga Yaman Bansuri | Delta Wave Sleep Session | 1 Hour,2026-04-22,7801,1931.1919,39,83314,6.88,891,21.21
2026-07-05,TXfk2UU5MjI,Stress Relief Music | Santoor Instrumental | 3 Hours,2026-05-24,2294,1877.6154,7,25624,4.92,2946,27.28
2026-07-05,iCEUy5C9vrM,Bright Morning Music | Santoor Instrumental | 1.5 Hours,2026-06-13,3876,1592.1367,22,56229,4.69,1478,27.38
2026-07-05,vsm6fasbeuA,Productive Morning Music | Bansuri Flute | 1.5 Hours,2026-06-09,2440,1028.0106,10,41071,4.1,1516,28.09
2026-07-05,ol5ryBrju2c,Deep Relaxation Music | Slow Surbahar | 1.5 Hours,2026-05-21,1544,995.0844,2,14732,6.73,2320,42.96
2026-07-05,BXdEaCum01I,Nostalgia Music | Healing Music with Sarangi | 1.5 Hour,2026-05-10,1582,941.9336,1,15428,6.58,2143,39.69
2026-07-05,dFi4GBSpbCM,Clear Your Head Music | Slow Sarod | Indian Classical,2026-06-02,1730,926.7718,8,22201,4.82,1928,35.71
2026-07-05,Bc92MEMzd5g,Burnout Recovery | Vagus Nerve Reset with Surbahar | 1.5 Hours,2026-05-09,1618,883.4016,1,19516,5.86,1965,36.39
2026-07-05,XEjdiwH1QYo,Music to Quiet the Mind | Slow Sarod | 1.5 Hours,2026-06-07,2505,862.656,8,50583,3.44,1239,22.95
2026-07-05,nASQJJ0M_Rs,Mental Clarity Music | Slow Sarod | Brain Fog Reset,2026-05-15,1477,861.9263,2,12393,8.17,2100,38.9
2026-07-05,ele9iYvf5x4,Sleep Music | Drift Off Effortlessly | 1.5 Hours Bansuri,2026-05-29,2232,830.167,6,23786,6.1,1338,24.79
2026-07-05,NR2zUkZsHzA,Dopamine Detox | Bansuri Music | 1.5 Hours,2026-06-29,2255,827.9166,13,47339,3.51,1321,24.47
2026-07-05,fqjZNDFcu-8,Emotional Comfort | Sarangi | Indian Classical,2026-06-04,1576,669.5063,10,25466,3.62,1529,28.32
2026-07-05,NDoTueJoTRA,Calm an Overactive Mind | Chandra Raga | Deep Nervous System Healing,2026-05-16,1134,549.6158,4,12088,4.32,1744,32.31
2026-07-05,vjv4ZUNj9ag,Music for Dopamine Boost | Sitar & Bansuri for Positive Energy | 1.5 Hours,2026-06-22,1871,532.7598,10,33380,4.12,1025,18.98
2026-07-05,RixDSSQPgF0,Sitar for Morning Motivation | Indian Instrumental | 1.5 Hours,2026-06-12,1525,529.6312,7,24981,4.38,1250,23.15
2026-07-05,XlNrXRIWvPY,Burnout Recovery Music | Slow Surbahar | 1.5 Hours,2026-06-11,1813,488.5038,14,37653,3.35,970,17.96
2026-07-05,00drZY7jW78,Deep Sleep Music | Surbahar Instrumental | 3 Hours,2026-06-30,1113,480.304,7,22889,3.74,1553,14.38
2026-07-05,Gwp8Ba09oYA,Calm Music | Sarod Instrumental | Gentle Healing | 1.5 Hours,2026-06-25,1453,459.9305,7,26782,3.96,1139,21.1
2026-07-05,hyqYExvlnhk,Kindness Music | Warm Bansuri Morning | 1.5 hours,2026-06-26,1431,423.9606,11,27713,3.73,1066,19.69
2026-07-05,O44Gj_fCvHg,Music for a Heavy Heart | Indian Classical | 1.5 Hours,2026-06-19,1251,409.7391,9,23186,3.74,1179,21.83
2026-07-05,rXMUwrOvqqY,Good Energy Music | Santoor for Positive Vibes | 1.5 Hours,2026-05-28,817,407.9783,2,9032,5.34,1797,33.29
2026-07-05,9nkoB-lwuiM,Mindful Morning Music | Indian Classical | 1.5 Hours,2026-06-20,1259,399.4312,9,20500,4.32,1142,21.15
2026-07-05,0n08FIuVMyw,Uplifting Music | Dilruba for Morning Energy | 1.5 Hours,2026-05-19,872,382.8695,3,8191,6.73,1580,29.27
2026-07-05,_0HiLlkjl3E,Sitar for Cortisol Reset | Indian Instrumental Music | 1.5 Hours,2026-06-08,1393,365.1993,13,21989,4.28,943,17.47
2026-07-05,NMs-TKYXpzQ,Wind Down Music | Slow Sarod | Indian Classical,2026-06-15,1058,341.2414,5,25951,2.97,1161,21.5
2026-07-05,uxkD-QODdFY,Music for Mental Fatigue | Sitar Music | 1.5 Hours,2026-06-16,1199,333.2366,7,25416,3.31,1000,18.53
2026-07-05,DubeTsFevyI,Start Your Day With Peace | Calm Bansuri Meditation | 1.5 hours,2026-05-13,556,319.1925,2,7575,5.12,2066,38.27
2026-07-05,giuRQmp9E1c,Rest Your Mind | Surbahar for Calmness | 1.5 Hours,2026-05-27,652,314.5429,2,7719,4.61,1736,32.16
2026-07-05,0kLeLN3jqoM,Music to Release Tension | Indian Classical | 1 Hour,2026-06-17,1392,307.8325,9,30838,3.12,796,22.11
2026-07-05,nZ5-DTs48h4,Music for a Tired Soul | Sleep Better | 1.5 Hours of Indian Flute,2026-06-05,1250,299.1889,9,16097,5.41,861,15.95
2026-07-05,liLFWYpEP80,Music for Digital Burnout | Surbahar Instrumental | 1.5 Hours,2026-06-23,1160,295.4327,7,26857,3.06,916,16.98
2026-07-05,wnp4F-wquvE,Sunrise Music | Dilruba Raga Yaman | 1.5 Hours,2026-06-10,1028,282.1084,12,23553,3.09,987,18.29
2026-07-05,qZZuJV79mDc,1.5 Hour Bansuri to Unwind | Breathe and Let Go,2026-05-22,591,281.4286,3,6122,4.82,1714,31.75
2026-07-05,j-B5f9o9QHA,Overthinking Music | Dilruba Instrumental | 1.5 Hours,2026-05-26,552,275.5708,0,9060,4.02,1797,33.28
2026-07-05,riYWgaLsFLU,Inner Stillness Music | Slow Tanpura Drone | 1.5 Hours,2026-06-06,1115,264.8235,9,23335,3.24,855,15.83
2026-07-05,cWX2U5VgN6M,Morning Reset Music | Sarod Instrumental | Clear Your Head,2026-05-23,498,260.3143,6,6576,4.18,1881,34.84
2026-07-05,6zmwUf4o8JY,Meditation Music | Sarangi Instrumental | 1.5 Hours,2026-07-01,923,257.1074,6,25715,2.73,1002,18.57
2026-07-05,J3I55IPXzL4,Restore Your Mind | Slow Veena | Indian Classical,2026-06-04,720,238.0555,5,13918,3.15,1190,22.04
2026-07-05,jEPphCcbJ80,Yoga & Meditation Music | Sarangi & Tabla | Indian Classical,2026-05-30,541,232.8986,0,7915,3.41,1549,28.7
2026-07-05,IdRogVb7xOA,Mental Health Music | Rest Better | Veena Instrumental | 1.5 Hours,2026-06-09,1142,215.0934,7,22263,3.7,678,12.55
2026-07-05,T4jlUguclY8,Deep Relaxation Music | Santoor Instrumental | 1.5 Hours,2026-06-24,796,207.0317,4,15263,3.83,936,17.34
2026-07-05,wU3XQgkxwIo,Meditation Music | Sarangi & Tabla | 1.5 Hours,2026-06-11,1028,206.7261,16,20926,3.52,723,13.41
2026-07-05,P-DIkbxipB8,Comfort Music | Healing Music with Sarangi | 1 Hour,2026-05-04,417,186.765,0,5609,3.89,1612,29.86
2026-07-05,ZwJiMj0Vjak,Music for a Restless Mind | Veena Instrumental | 1.5 Hours,2026-05-23,373,185.2429,0,5812,3.42,1787,33.1
2026-07-05,HK1YE5xexHI,Sitar to Unclog Your Brain | Instrumental Music | 3 Hours,2026-05-31,342,175.3773,4,7425,2.79,1846,17.09
2026-07-05,h7jE3BbxdN4,Calm Your Mind |  Veena Healing Music | 1 hour,2026-04-26,491,164.5631,4,6766,4.21,1206,27.04
2026-07-05,3y851IbKNqw,Music for Mental Clarity | Sarod Instrumental | 1.5 Hours,2026-07-02,555,155.3848,3,11183,3.73,1007,18.66
2026-07-05,Y6Ob2P34DHA,Overthinking Music | Healing with Bamboo Flute & Tanpura | 1 Hour,2026-05-03,228,137.7225,1,2845,5.06,2174,40.27
2026-07-05,MJe609hUnJw,Meditation Music | Slow Surbahar | Indian Classical,2026-06-03,450,123.1693,5,8655,3.51,985,18.24
2026-07-05,Z6dZjnUzNXQ,Release Stress | Burnout Music | Santoor & 528Hz,2026-04-27,301,116.3963,1,4916,3.62,1392,30.93
2026-07-05,3LZYCjFOeS4,Focus Music Santoor | 40Hz Gamma Waves | 40 Min Deep Work,2026-04-15,379,114.3041,0,2452,2.57,1085,45.2
2026-07-05,1jrBZH4K_S8,Peaceful Music | Soothing Music with Veena | 1 Hour,2026-05-06,213,104.8967,2,3236,2.97,1772,32.86
2026-07-05,5hYSZG2qPXc,Inner Peace Music | Sarangi Healing | 1.5 Hours,2026-05-25,277,100.4934,2,4899,2.98,1306,24.18
2026-07-05,YZ3xQsejPEs,Morning Meditation Music | Tanpura Instrumental | 1.5 Hours of Peaceful Focus,2026-05-21,217,87.3823,0,4351,2.83,1449,26.84
2026-07-05,fOQ27vFjegE,Happy Music | Uplifting Indian Instrumental | 1.5 Hours,2026-07-03,336,84.4365,2,6539,3.67,904,16.75
2026-07-05,xY3GQ28LBn0,Let Go Of Stress | Sarangi for Emotional Release | 1.5 Hours,2026-05-18,202,78.3541,0,4183,3.18,1396,25.86
2026-07-05,izpOuUSyH5Q,Morning Energy Music | Santoor Instrumental | Positive Vibes,2026-05-14,328,72.2735,0,4149,4.87,793,14.69
2026-07-05,0Vv0INZ2sVI,Mental Stillness Music | Slow Santoor | 1.5 Hours,2026-05-20,151,69.8218,0,3745,2.4,1664,31.0
2026-07-05,eaxs5hLcD4U,Sound Healing Music | Slow Surbahar | 1.5 Hours of Rest,2026-05-14,148,65.9938,1,3139,2.71,1605,29.7
2026-07-05,O2Z_XApzvYc,Instant focus music  | Sitar Instrumental | 1 hour,2026-04-30,206,65.0266,3,2385,3.06,1136,21.04
2026-07-05,FsYTGhdm2uM,Breathe And Relax | Slow Down Music | Veena Instrumental,2026-05-02,135,63.0638,2,2896,2.69,1681,31.14
2026-07-05,O8z-M9lOIzM,Sound Sleep | Relaxing Music with Tanpura | 1.5 Hours,2026-05-13,142,51.0025,1,3147,2.35,1293,23.94
2026-07-05,5UGTuyNHHHE,Stress Relief Music | Deep Meditation with Veena | 1 Hour,2026-04-24,116,45.493,0,2570,1.83,1411,33.62
2026-07-05,PncNidXk4SM,Calming Music for Anxiety | Slow Bansuri | Indian Classical,2026-06-02,270,45.3052,2,6726,2.29,604,11.2
2026-07-05,8XDHxadprKs,Positive Vibes Music | Feel Good Hour | 1 Hour,2026-04-13,170,42.8891,2,2391,4.31,908,25.21
2026-07-05,gHfYwpaefII,Deep Relaxation | Dilruba Instrumental Music | 1.5 Hours,2026-06-01,207,40.1938,3,5740,2.33,699,12.94
2026-07-05,XSIsS9ZZgLg,Nervous System Reset | Quiet Your Mind with Dilruba Instrumental Music | 1 Hour,2026-04-23,85,32.9702,1,1739,2.82,1396,33.32
2026-07-05,g3v4KTVRNEQ,Relaxation Music | Bansuri Raga & 432Hz Evening Session | 1 Hour,2026-04-25,78,20.6857,1,2082,1.54,954,21.21
2026-07-05,sVWGIOKA8gY,Deep Focus Music | 40Hz Gamma Binaural Beats for Concentration,2026-04-05,222,19.38,3,896,15.18,314,22.32
2026-07-05,dyb6inFSyik,Tabla Music for Morning Focus & Motivation | 40Hz Gamma Energy,2026-04-13,129,13.2737,0,1931,4.09,370,11.12
2026-07-05,o71DBMDTHyc,Mindful Music | Relaxation | 40Hz Gamma Binaural Beats,2026-04-06,95,10.938,1,1259,3.89,414,17.5
2026-07-05,Ueean0nyIoI,Music for Tired Mind | Slow down with Veena | 1.5 Hours,2026-05-12,54,8.588,0,2461,1.38,572,10.6
2026-07-05,4jtrdy4lfQU,Let Go Before Sleep | 40 Min Tanpura Drone for Insomnia & Calm,2026-04-19,53,8.5704,0,1158,1.9,582,24.23
2026-07-05,LMnHS9drakg,Cello for Creative Flow | 20 Min Focus | 6Hz Theta Waves,2026-04-09,82,6.3139,0,1586,3.34,277,23.04
2026-07-05,sGmvP8MMitg,Focus Music | Bamboo Flute 40Hz | Deep Work 1 Hour,2026-04-14,51,5.8805,0,876,3.77,415,9.37
2026-07-05,IwzyemqVh7c,Brain Reset Music | Sitar for Mental Clarity | 20 Minutes,2026-04-12,81,5.859,0,1706,2.29,260,21.68
2026-07-05,3TayWGNOyrY,Switch Off | Dilruba Music for Digital Detox | 1 Hour Reset,2026-04-11,50,5.7445,1,1121,3.12,413,11.49
2026-07-05,bM4M5T6wW48,Brain Fog? | Think Clearly with Sarangi 40Hz Gamma | 1 Hour,2026-04-07,67,5.1298,0,1014,3.85,275,7.65
2026-07-05,62FI6ji47L8,Emotional Detox | Healing Violin | 1 Hour Release,2026-04-11,85,4.7761,0,1648,3.52,202,5.62
2026-07-05,Tw2jFE-srGc,Mind at Rest | Sitar & Alpha Waves | 1 Hour Anxiety Relief Music,2026-04-21,51,4.3095,0,1618,2.1,304,8.47
2026-07-05,PCshMQuu41I,ADHD Brain Fog Music | Sitar + 40Hz Gamma | 1 Hour Focus,2026-04-20,38,4.1715,1,1070,2.43,395,10.97
2026-07-05,ZyV0OfIdDKs,Mental Break | Sitar for Mind Reset | 20 Minutes,2026-04-30,48,3.6259,2,1931,1.71,271,22.64
2026-07-05,0tbB-bD6wz0,Bansuri for Anxiety & Overthinking 🌿 | Mind Too Loud | 528Hz,2026-04-16,38,2.6519,0,985,2.44,251,6.97
2026-07-05,pyw51HQXMiQ,1-Min Sitar Meditation · Indian Classical Calm #sitar #sitarmusic #meditationmusic #relaxingmusic,2026-05-03,284,2.0916,3,1914,7.37,39,64.83
2026-07-05,SHCYDfIMMkg,Feel Good · Gentle Acoustic Guitar · 1-Minute Mood Lift  #focusmusic #deepwork #indianclassicalmusic,2026-05-03,190,1.3352,3,2504,2.24,40,66.96
2026-07-05,mboU-eNrY-o,Pause Here · 1 Minute Tanpura Calm · Reset Your Mind 🌙,2026-05-02,83,0.7177,0,1645,1.22,48,80.02
2026-07-05,1zXHn2Bpmms,Overcome Procrastination | Esraj Music | Start working now,2026-04-10,6,0.6737,0,31,6.45,404,11.22
2026-07-05,eTi77RazJHM,Hear This · Electric Oud Fusion · 1 Minute Mood Reset #meditationmusic  #1minutecalm #focusmusic,2026-05-02,109,0.3207,0,737,3.53,14,23.93
2026-07-08,SEw8IsSXRSU,Sitar for Dopamine Reset | Indian Classical Music for Mindfulness,2026-04-29,599074,145539.057,5345,9896378,4.09,874,16.19
2026-07-08,DMcoOLvmAyQ,Morning Energy Music | Dilruba Raga Yaman | 1.5 Hours,2026-05-09,118246,38659.1227,543,2290389,3.53,1176,21.8
2026-07-08,pivzhMAQFuQ,3 Hour Bansuri Music for Relaxation | Indian Classical Music for Deep Sleep,2026-05-17,39339,26287.6808,161,390929,5.03,2405,22.27
2026-07-08,QNmoY_K5MxI,Bansuri for Sound Sleep | Deep Sleep Music | 1 Hour,2026-05-07,97621,24637.8961,491,1294432,5.8,908,16.82
2026-07-08,52YU6Q64zVw,Sitar for Nervous System Healing | Indian Classical Music for Calmness | 1.5 Hours,2026-05-05,44320,17278.0744,138,871841,3.37,1403,25.97
2026-07-08,95NmnEaWJGw,Sitar Music to Start Your Morning Right | 1.5 Hours,2026-05-26,37003,16287.6908,178,525731,4.76,1584,29.34
2026-07-08,mjd89dJLam0,Yoga Music | Positive Energy Frequency | 1.5 Hour,2026-05-07,13837,7065.6128,33,203902,4.26,1838,34.04
2026-07-08,mDCDS2TlK4k,Sitar for Brain Detox | Clear Your Mind | 1.5 Hours of Indian Classical Music,2026-05-19,13742,7049.0529,44,305800,2.75,1846,34.2
2026-07-08,xfcNnj0fF5s,Quiet Night Music | Slow Bansuri Flute | 3 Hours,2026-06-14,11915,6963.646,63,122052,6.55,2103,19.47
2026-07-08,Cih09cj7bnY,Morning Motivation | Sitar Music Instrumental | 1.5 Hours,2026-05-16,13408,6799.7597,48,145609,6.08,1825,33.81
2026-07-08,AVg7n2rEBG4,Productive Day Music | Positive Morning Vibes | 1 Hour Bansuri Session,2026-05-05,12987,6260.4918,48,143671,5.56,1735,32.14
2026-07-08,KeEFFkaCMRk,Joyful Music | Positive Vibes Music with Santoor | 1 Hour,2026-05-08,11173,5377.5244,39,140155,5.62,1732,32.09
2026-07-08,AyM9jWrz-YI,Morning Gratitude Music | Indian Classical | 1.5 Hours,2026-06-18,6729,3323.0279,27,80638,5.93,1777,32.92
2026-07-08,cLfbEA5506U,Calm Music | Sitar for Cortisol Reset | 1.5 hours healing,2026-05-11,9991,3270.1651,27,66772,4.61,1178,21.82
2026-07-08,pMDVh0dzUdI,Anxiety Relief Music | Clear Your Mind | 1 Hour Dilruba Session,2026-05-01,6129,2849.9712,12,91484,4.24,1673,30.99
2026-07-08,sSwLnfp77ig,Anxiety Relief Music | Slow Sarod | Indian Classical,2026-05-28,3915,2280.9284,5,47870,5.32,2097,38.84
2026-07-08,iCEUy5C9vrM,Bright Morning Music | Santoor Instrumental | 1.5 Hours,2026-06-13,4075,1677.226,22,58329,4.72,1481,27.44
2026-07-08,m6aFcw2f58o,Deep Rest Music | Find Stillness with Surbahar | 1.5 Hours,2026-04-28,4736,1633.47,9,78256,4.0,1241,22.99
2026-07-08,7PDDveKXLbs,Can't Fall Asleep | Raga Yaman Bansuri | Delta Wave Sleep Session | 1 Hour,2026-04-22,6359,1602.0721,28,61418,7.49,906,21.59
2026-07-08,TXfk2UU5MjI,Stress Relief Music | Santoor Instrumental | 3 Hours,2026-05-24,2010,1600.4266,7,23121,4.77,2866,26.54
2026-07-08,NR2zUkZsHzA,Dopamine Detox | Bansuri Music | 1.5 Hours,2026-06-29,2911,1114.095,18,59201,3.53,1377,25.51
2026-07-08,00drZY7jW78,Deep Sleep Music | Surbahar Instrumental | 3 Hours,2026-06-30,2172,1099.4545,16,34823,4.75,1822,16.87
2026-07-08,ol5ryBrju2c,Deep Relaxation Music | Slow Surbahar | 1.5 Hours,2026-05-21,1573,1021.6325,2,14646,6.95,2338,43.29
2026-07-08,BXdEaCum01I,Nostalgia Music | Healing Music with Sarangi | 1.5 Hour,2026-05-10,1516,928.3849,2,14734,6.56,2204,40.83
2026-07-08,vsm6fasbeuA,Productive Morning Music | Bansuri Flute | 1.5 Hours,2026-06-09,2093,901.1902,9,34255,4.11,1550,28.7
2026-07-08,Bc92MEMzd5g,Burnout Recovery | Vagus Nerve Reset with Surbahar | 1.5 Hours,2026-05-09,1578,851.3577,1,19339,5.91,1942,35.96
2026-07-08,nASQJJ0M_Rs,Mental Clarity Music | Slow Sarod | Brain Fog Reset,2026-05-15,1431,833.0055,2,12066,8.15,2095,38.81
2026-07-08,dFi4GBSpbCM,Clear Your Head Music | Slow Sarod | Indian Classical,2026-06-02,1388,767.5504,5,16783,5.07,1990,36.87
2026-07-08,ele9iYvf5x4,Sleep Music | Drift Off Effortlessly | 1.5 Hours Bansuri,2026-05-29,1729,634.1972,4,18065,6.0,1320,24.45
2026-07-08,vjv4ZUNj9ag,Music for Dopamine Boost | Sitar & Bansuri for Positive Energy | 1.5 Hours,2026-06-22,1965,574.7195,10,34697,4.13,1052,19.5
2026-07-08,XEjdiwH1QYo,Music to Quiet the Mind | Slow Sarod | 1.5 Hours,2026-06-07,1463,562.9596,2,26999,3.57,1385,25.65
2026-07-08,RixDSSQPgF0,Sitar for Morning Motivation | Indian Instrumental | 1.5 Hours,2026-06-12,1547,535.7912,7,25610,4.33,1246,23.09
2026-07-08,Gwp8Ba09oYA,Calm Music | Sarod Instrumental | Gentle Healing | 1.5 Hours,2026-06-25,1582,507.9204,8,28913,3.92,1155,21.4
2026-07-08,XlNrXRIWvPY,Burnout Recovery Music | Slow Surbahar | 1.5 Hours,2026-06-11,1864,507.8193,14,38428,3.36,980,18.16
2026-07-08,NDoTueJoTRA,Calm an Overactive Mind | Chandra Raga | Deep Nervous System Healing,2026-05-16,982,486.3312,4,10619,4.12,1782,33.02
2026-07-08,hyqYExvlnhk,Kindness Music | Warm Bansuri Morning | 1.5 hours,2026-06-26,1514,455.5411,11,29405,3.68,1083,20.0
2026-07-08,fqjZNDFcu-8,Emotional Comfort | Sarangi | Indian Classical,2026-06-04,1015,441.6307,2,14931,3.71,1566,29.01
2026-07-08,O44Gj_fCvHg,Music for a Heavy Heart | Indian Classical | 1.5 Hours,2026-06-19,1293,422.1361,9,24152,3.7,1175,21.76
2026-07-08,9nkoB-lwuiM,Mindful Morning Music | Indian Classical | 1.5 Hours,2026-06-20,1299,414.0422,9,21394,4.27,1147,21.25
2026-07-08,0n08FIuVMyw,Uplifting Music | Dilruba for Morning Energy | 1.5 Hours,2026-05-19,826,384.0332,2,7329,7.12,1673,30.99
2026-07-08,fOQ27vFjegE,Happy Music | Uplifting Indian Instrumental | 1.5 Hours,2026-07-03,1196,383.697,15,17454,4.86,1154,21.38
2026-07-08,DubeTsFevyI,Start Your Day With Peace | Calm Bansuri Meditation | 1.5 hours,2026-05-13,676,381.5064,2,8897,5.27,2031,37.62
2026-07-08,NMs-TKYXpzQ,Wind Down Music | Slow Sarod | Indian Classical,2026-06-15,1095,358.7828,5,26859,2.97,1179,21.84
2026-07-08,uxkD-QODdFY,Music for Mental Fatigue | Sitar Music | 1.5 Hours,2026-06-16,1240,349.3439,7,26374,3.27,1014,18.78
2026-07-08,6zmwUf4o8JY,Meditation Music | Sarangi Instrumental | 1.5 Hours,2026-07-01,1239,348.2206,9,32219,2.82,1011,18.73
2026-07-08,rXMUwrOvqqY,Good Energy Music | Santoor for Positive Vibes | 1.5 Hours,2026-05-28,652,343.3348,1,7657,5.11,1895,35.11
2026-07-08,0kLeLN3jqoM,Music to Release Tension | Indian Classical | 1 Hour,2026-06-17,1428,316.5931,9,31686,3.12,798,22.17
2026-07-08,liLFWYpEP80,Music for Digital Burnout | Surbahar Instrumental | 1.5 Hours,2026-06-23,1205,308.9309,7,28020,3.03,922,17.09
2026-07-08,_0HiLlkjl3E,Sitar for Cortisol Reset | Indian Instrumental Music | 1.5 Hours,2026-06-08,1087,296.3524,13,16060,4.49,981,18.17
2026-07-08,giuRQmp9E1c,Rest Your Mind | Surbahar for Calmness | 1.5 Hours,2026-05-27,557,288.321,0,6617,4.65,1863,34.51
2026-07-08,qZZuJV79mDc,1.5 Hour Bansuri to Unwind | Breathe and Let Go,2026-05-22,568,284.4811,3,5737,4.85,1803,33.39
2026-07-08,wnp4F-wquvE,Sunrise Music | Dilruba Raga Yaman | 1.5 Hours,2026-06-10,1036,282.8378,12,24037,3.05,982,18.2
2026-07-08,3y851IbKNqw,Music for Mental Clarity | Sarod Instrumental | 1.5 Hours,2026-07-02,842,252.3986,6,16311,3.84,1079,19.98
2026-07-08,nZ5-DTs48h4,Music for a Tired Soul | Sleep Better | 1.5 Hours of Indian Flute,2026-06-05,895,231.7279,6,10363,5.85,932,17.26
2026-07-08,cWX2U5VgN6M,Morning Reset Music | Sarod Instrumental | Clear Your Head,2026-05-23,420,226.5841,5,5595,4.13,1942,35.96
2026-07-08,T4jlUguclY8,Deep Relaxation Music | Santoor Instrumental | 1.5 Hours,2026-06-24,853,221.7585,5,16268,3.82,935,17.33
2026-07-08,IdRogVb7xOA,Mental Health Music | Rest Better | Veena Instrumental | 1.5 Hours,2026-06-09,1155,216.2338,7,22778,3.65,673,12.48
2026-07-08,wU3XQgkxwIo,Meditation Music | Sarangi & Tabla | 1.5 Hours,2026-06-11,1038,210.5221,16,21476,3.47,730,13.52
2026-07-08,j-B5f9o9QHA,Overthinking Music | Dilruba Instrumental | 1.5 Hours,2026-05-26,427,209.2416,0,7660,3.8,1764,32.67
2026-07-08,_GwaxeCviFo,Music to Unwind | Surbahar Instrumental | 3 Hours,2026-07-06,452,198.7836,1,10054,3.27,1583,14.66
2026-07-08,jEPphCcbJ80,Yoga & Meditation Music | Sarangi & Tabla | Indian Classical,2026-05-30,430,196.0925,0,6364,3.38,1641,30.4
2026-07-08,J3I55IPXzL4,Restore Your Mind | Slow Veena | Indian Classical,2026-06-04,430,170.1049,1,8207,2.77,1424,26.37
2026-07-08,P-DIkbxipB8,Comfort Music | Healing Music with Sarangi | 1 Hour,2026-05-04,340,158.0339,0,4802,3.5,1673,30.99
2026-07-08,ZwJiMj0Vjak,Music for a Restless Mind | Veena Instrumental | 1.5 Hours,2026-05-23,306,151.1834,0,4957,3.29,1778,32.93
2026-07-08,Y6Ob2P34DHA,Overthinking Music | Healing with Bamboo Flute & Tanpura | 1 Hour,2026-05-03,222,135.4011,1,2733,4.94,2195,40.66
2026-07-08,HK1YE5xexHI,Sitar to Unclog Your Brain | Instrumental Music | 3 Hours,2026-05-31,248,124.6392,2,6166,2.5,1809,16.75
2026-07-08,h7jE3BbxdN4,Calm Your Mind |  Veena Healing Music | 1 hour,2026-04-26,394,124.2778,4,5037,4.41,1135,25.44
2026-07-08,1jrBZH4K_S8,Peaceful Music | Soothing Music with Veena | 1 Hour,2026-05-06,204,98.666,2,2968,3.17,1741,32.27
2026-07-08,MJe609hUnJw,Meditation Music | Slow Surbahar | Indian Classical,2026-06-03,334,95.9729,4,6265,3.46,1034,19.15
2026-07-08,Z6dZjnUzNXQ,Release Stress | Burnout Music | Santoor & 528Hz,2026-04-27,242,91.4162,1,3990,3.43,1359,30.21
2026-07-08,riYWgaLsFLU,Inner Stillness Music | Slow Tanpura Drone | 1.5 Hours,2026-06-06,420,86.6819,4,8723,3.08,742,13.76
2026-07-08,eaxs5hLcD4U,Sound Healing Music | Slow Surbahar | 1.5 Hours of Rest,2026-05-14,155,80.11,1,2901,3.17,1860,34.43
2026-07-08,xY3GQ28LBn0,Let Go Of Stress | Sarangi for Emotional Release | 1.5 Hours,2026-05-18,196,77.3319,0,3872,3.15,1420,26.3
2026-07-08,YZ3xQsejPEs,Morning Meditation Music | Tanpura Instrumental | 1.5 Hours of Peaceful Focus,2026-05-21,177,74.8903,0,3885,2.7,1523,28.2
2026-07-08,izpOuUSyH5Q,Morning Energy Music | Santoor Instrumental | Positive Vibes,2026-05-14,311,74.4025,0,3811,4.88,861,15.95
2026-07-08,5hYSZG2qPXc,Inner Peace Music | Sarangi Healing | 1.5 Hours,2026-05-25,209,72.8078,1,4212,2.49,1254,23.22
2026-07-08,0Vv0INZ2sVI,Mental Stillness Music | Slow Santoor | 1.5 Hours,2026-05-20,135,68.5274,0,3350,2.3,1827,34.03
2026-07-08,3LZYCjFOeS4,Focus Music Santoor | 40Hz Gamma Waves | 40 Min Deep Work,2026-04-15,219,59.613,0,2094,2.48,979,40.8
2026-07-08,O2Z_XApzvYc,Instant focus music  | Sitar Instrumental | 1 hour,2026-04-30,183,59.3672,3,2200,2.86,1167,21.62
2026-07-08,FsYTGhdm2uM,Breathe And Relax | Slow Down Music | Veena Instrumental,2026-05-02,108,48.9296,1,2461,2.36,1630,30.2
2026-07-08,O8z-M9lOIzM,Sound Sleep | Relaxing Music with Tanpura | 1.5 Hours,2026-05-13,131,45.8339,1,2871,2.47,1259,23.33
2026-07-08,5UGTuyNHHHE,Stress Relief Music | Deep Meditation with Veena | 1 Hour,2026-04-24,110,42.7317,0,2417,1.78,1398,33.3
2026-07-08,8XDHxadprKs,Positive Vibes Music | Feel Good Hour | 1 Hour,2026-04-13,144,37.9798,2,2091,4.11,949,26.35
2026-07-08,XSIsS9ZZgLg,Nervous System Reset | Quiet Your Mind with Dilruba Instrumental Music | 1 Hour,2026-04-23,86,34.2764,1,1654,3.08,1434,34.24
2026-07-08,gHfYwpaefII,Deep Relaxation | Dilruba Instrumental Music | 1.5 Hours,2026-06-01,157,31.9075,2,4804,1.98,731,13.55
2026-07-08,PncNidXk4SM,Calming Music for Anxiety | Slow Bansuri | Indian Classical,2026-06-02,172,26.6747,0,5360,1.92,558,10.35
2026-07-08,g3v4KTVRNEQ,Relaxation Music | Bansuri Raga & 432Hz Evening Session | 1 Hour,2026-04-25,70,18.097,1,1929,1.4,930,20.68
2026-07-08,sVWGIOKA8gY,Deep Focus Music | 40Hz Gamma Binaural Beats for Concentration,2026-04-05,228,17.8647,3,864,15.97,282,20.03
2026-07-08,dyb6inFSyik,Tabla Music for Morning Focus & Motivation | 40Hz Gamma Energy,2026-04-13,128,14.994,1,1838,4.41,421,12.66
2026-07-08,Ueean0nyIoI,Music for Tired Mind | Slow down with Veena | 1.5 Hours,2026-05-12,50,14.0834,1,2282,1.36,1014,18.77
2026-07-08,4jtrdy4lfQU,Let Go Before Sleep | 40 Min Tanpura Drone for Insomnia & Calm,2026-04-19,48,8.7459,0,926,1.94,655,27.3
2026-07-08,o71DBMDTHyc,Mindful Music | Relaxation | 40Hz Gamma Binaural Beats,2026-04-06,73,8.5664,1,939,4.05,422,17.84
2026-07-08,IwzyemqVh7c,Brain Reset Music | Sitar for Mental Clarity | 20 Minutes,2026-04-12,86,6.057,0,1648,2.61,253,21.11
2026-07-08,3TayWGNOyrY,Switch Off | Dilruba Music for Digital Detox | 1 Hour Reset,2026-04-11,42,5.5,1,875,2.97,471,13.09
2026-07-08,62FI6ji47L8,Emotional Detox | Healing Violin | 1 Hour Release,2026-04-11,83,5.0482,0,1593,3.45,218,6.08
2026-07-08,LMnHS9drakg,Cello for Creative Flow | 20 Min Focus | 6Hz Theta Waves,2026-04-09,78,4.9456,0,1497,3.34,228,18.97
2026-07-08,sGmvP8MMitg,Focus Music | Bamboo Flute 40Hz | Deep Work 1 Hour,2026-04-14,43,4.8016,0,683,3.81,401,9.07
2026-07-08,Tw2jFE-srGc,Mind at Rest | Sitar & Alpha Waves | 1 Hour Anxiety Relief Music,2026-04-21,54,4.3149,0,1547,2.33,287,8.01
2026-07-08,ZyV0OfIdDKs,Mental Break | Sitar for Mind Reset | 20 Minutes,2026-04-30,48,3.442,2,1809,1.82,258,21.49
2026-07-08,bM4M5T6wW48,Brain Fog? | Think Clearly with Sarangi 40Hz Gamma | 1 Hour,2026-04-07,50,3.1284,0,795,3.52,225,6.26
2026-07-08,PCshMQuu41I,ADHD Brain Fog Music | Sitar + 40Hz Gamma | 1 Hour Focus,2026-04-20,30,2.2421,0,844,2.49,269,7.47
2026-07-08,SHCYDfIMMkg,Feel Good · Gentle Acoustic Guitar · 1-Minute Mood Lift  #focusmusic #deepwork #indianclassicalmusic,2026-05-03,195,1.8811,3,2371,2.28,57,95.77
2026-07-08,pyw51HQXMiQ,1-Min Sitar Meditation · Indian Classical Calm #sitar #sitarmusic #meditationmusic #relaxingmusic,2026-05-03,260,1.8325,3,1790,7.32,38,63.14
2026-07-08,0tbB-bD6wz0,Bansuri for Anxiety & Overthinking 🌿 | Mind Too Loud | 528Hz,2026-04-16,28,1.6812,0,755,2.12,216,6.0
2026-07-08,mboU-eNrY-o,Pause Here · 1 Minute Tanpura Calm · Reset Your Mind 🌙,2026-05-02,79,0.6951,0,1583,1.14,51,83.71
2026-07-08,1zXHn2Bpmms,Overcome Procrastination | Esraj Music | Start working now,2026-04-10,6,0.6737,0,22,9.09,404,11.22
2026-07-08,eTi77RazJHM,Hear This · Electric Oud Fusion · 1 Minute Mood Reset #meditationmusic  #1minutecalm #focusmusic,2026-05-02,109,0.3528,0,694,3.6,16,27.7
2026-07-10,SEw8IsSXRSU,Sitar for Dopamine Reset | Indian Classical Music for Mindfulness,2026-04-29,565625,138887.4244,4915,9096835,4.18,883,16.37
2026-07-10,DMcoOLvmAyQ,Morning Energy Music | Dilruba Raga Yaman | 1.5 Hours,2026-05-09,108156,35152.5434,442,2120626,3.45,1170,21.67
2026-07-10,pivzhMAQFuQ,3 Hour Bansuri Music for Relaxation | Indian Classical Music for Deep Sleep,2026-05-17,37157,24908.2957,126,354808,4.95,2413,22.34
2026-07-10,QNmoY_K5MxI,Bansuri for Sound Sleep | Deep Sleep Music | 1 Hour,2026-05-07,97523,24797.9355,494,1266046,5.9,915,16.95
2026-07-10,95NmnEaWJGw,Sitar Music to Start Your Morning Right | 1.5 Hours,2026-05-26,38610,16743.7173,172,530323,4.96,1561,28.91
2026-07-10,52YU6Q64zVw,Sitar for Nervous System Healing | Indian Classical Music for Calmness | 1.5 Hours,2026-05-05,40515,15964.4408,127,770149,3.49,1418,26.24
2026-07-10,xfcNnj0fF5s,Quiet Night Music | Slow Bansuri Flute | 3 Hours,2026-06-14,12800,7582.6499,64,129271,6.62,2132,19.74
2026-07-10,mjd89dJLam0,Yoga Music | Positive Energy Frequency | 1.5 Hour,2026-05-07,12963,6619.8849,26,190905,4.31,1838,34.05
2026-07-10,Cih09cj7bnY,Morning Motivation | Sitar Music Instrumental | 1.5 Hours,2026-05-16,12796,6471.9689,46,136607,6.16,1820,33.72
2026-07-10,mDCDS2TlK4k,Sitar for Brain Detox | Clear Your Mind | 1.5 Hours of Indian Classical Music,2026-05-19,11849,6075.6397,32,243453,2.96,1845,34.18
2026-07-10,AVg7n2rEBG4,Productive Day Music | Positive Morning Vibes | 1 Hour Bansuri Session,2026-05-05,11761,5649.511,39,129773,5.45,1729,32.02
2026-07-10,KeEFFkaCMRk,Joyful Music | Positive Vibes Music with Santoor | 1 Hour,2026-05-08,11357,5453.937,35,143813,5.63,1728,32.02
2026-07-10,AyM9jWrz-YI,Morning Gratitude Music | Indian Classical | 1.5 Hours,2026-06-18,7051,3507.9905,28,83581,5.93,1791,33.16
2026-07-10,cLfbEA5506U,Calm Music | Sitar for Cortisol Reset | 1.5 hours healing,2026-05-11,8624,2770.7826,22,52198,4.76,1156,21.42
2026-07-10,sSwLnfp77ig,Anxiety Relief Music | Slow Sarod | Indian Classical,2026-05-28,3861,2244.9069,7,46172,5.57,2093,38.76
2026-07-10,pMDVh0dzUdI,Anxiety Relief Music | Clear Your Mind | 1 Hour Dilruba Session,2026-05-01,4640,2179.2571,12,63816,4.41,1690,31.31
2026-07-10,00drZY7jW78,Deep Sleep Music | Surbahar Instrumental | 3 Hours,2026-06-30,3693,1898.8939,26,49608,5.74,1851,17.14
2026-07-10,iCEUy5C9vrM,Bright Morning Music | Santoor Instrumental | 1.5 Hours,2026-06-13,4237,1763.6599,22,59828,4.73,1498,27.75
2026-07-10,TXfk2UU5MjI,Stress Relief Music | Santoor Instrumental | 3 Hours,2026-05-24,1841,1459.2415,6,20988,4.71,2853,26.42
2026-07-10,7PDDveKXLbs,Can't Fall Asleep | Raga Yaman Bansuri | Delta Wave Sleep Session | 1 Hour,2026-04-22,5421,1373.5908,24,48453,8.04,912,21.71
2026-07-10,NR2zUkZsHzA,Dopamine Detox | Bansuri Music | 1.5 Hours,2026-06-29,3254,1286.9341,18,64171,3.58,1423,26.36
2026-07-10,m6aFcw2f58o,Deep Rest Music | Find Stillness with Surbahar | 1.5 Hours,2026-04-28,3511,1218.7626,8,56378,3.91,1249,23.14
2026-07-10,ol5ryBrju2c,Deep Relaxation Music | Slow Surbahar | 1.5 Hours,2026-05-21,1507,965.3567,2,13992,6.89,2306,42.7
2026-07-10,Bc92MEMzd5g,Burnout Recovery | Vagus Nerve Reset with Surbahar | 1.5 Hours,2026-05-09,1615,895.3206,1,19280,6.11,1995,36.95
2026-07-10,BXdEaCum01I,Nostalgia Music | Healing Music with Sarangi | 1.5 Hour,2026-05-10,1453,877.9096,3,13914,6.47,2175,40.28
2026-07-10,nASQJJ0M_Rs,Mental Clarity Music | Slow Sarod | Brain Fog Reset,2026-05-15,1395,823.9068,4,11582,8.18,2126,39.37
2026-07-10,dFi4GBSpbCM,Clear Your Head Music | Slow Sarod | Indian Classical,2026-06-02,1393,798.5922,3,15929,5.44,2063,38.22
2026-07-10,fOQ27vFjegE,Inner Happiness Music | Indian Instrumental | 1.5 Hours,2026-07-03,1840,695.9968,15,27357,4.67,1361,25.21
2026-07-10,vjv4ZUNj9ag,Music for Dopamine Boost | Sitar & Bansuri for Positive Energy | 1.5 Hours,2026-06-22,2051,611.1857,11,35850,4.14,1072,19.87
2026-07-10,Gwp8Ba09oYA,Calm Music | Sarod Instrumental | Gentle Healing | 1.5 Hours,2026-06-25,1657,538.4348,8,30009,3.91,1169,21.66
2026-07-10,_GwaxeCviFo,Music to Unwind | Surbahar Instrumental | 3 Hours,2026-07-06,1058,536.6606,1,22244,3.07,1826,16.91
2026-07-10,ele9iYvf5x4,Sleep Music | Drift Off Effortlessly | 1.5 Hours Bansuri,2026-05-29,1307,490.2293,2,14456,5.38,1350,25.0
2026-07-10,vsm6fasbeuA,Productive Morning Music | Bansuri Flute | 1.5 Hours,2026-06-09,990,487.4134,2,12557,4.61,1772,32.82
2026-07-10,tZP2B_aG300,Music for Overthinkers | Dilruba Raga Kedar | 1.5 Hours,2026-07-07,1289,476.9229,7,31280,2.9,1331,24.67
2026-07-10,hyqYExvlnhk,Kindness Music | Warm Bansuri Morning | 1.5 hours,2026-06-26,1569,472.3365,11,30394,3.66,1083,20.01
2026-07-10,RixDSSQPgF0,Sitar for Morning Motivation | Indian Instrumental | 1.5 Hours,2026-06-12,1327,469.8526,5,22720,4.17,1274,23.6
2026-07-10,9nkoB-lwuiM,Mindful Morning Music | Indian Classical | 1.5 Hours,2026-06-20,1348,432.9102,10,22055,4.28,1156,21.41
2026-07-10,O44Gj_fCvHg,Music for a Heavy Heart | Indian Classical | 1.5 Hours,2026-06-19,1318,431.0846,10,24794,3.67,1177,21.8
2026-07-10,DubeTsFevyI,Start Your Day With Peace | Calm Bansuri Meditation | 1.5 hours,2026-05-13,751,422.5568,2,9713,5.33,2025,37.51
2026-07-10,0n08FIuVMyw,Uplifting Music | Dilruba for Morning Energy | 1.5 Hours,2026-05-19,782,396.5227,2,6539,7.63,1825,33.8
2026-07-10,6zmwUf4o8JY,Meditation Music | Sarangi Instrumental | 1.5 Hours,2026-07-01,1329,385.8446,9,34056,2.83,1045,19.35
2026-07-10,NMs-TKYXpzQ,Wind Down Music | Slow Sarod | Indian Classical,2026-06-15,1136,375.6206,5,27658,2.99,1190,22.04
2026-07-10,NDoTueJoTRA,Calm an Overactive Mind | Chandra Raga | Deep Nervous System Healing,2026-05-16,753,372.9085,2,7934,3.73,1782,33.02
2026-07-10,3y851IbKNqw,Music for Mental Clarity | Sarod Instrumental | 1.5 Hours,2026-07-02,1135,356.933,8,20224,4.03,1132,20.97
2026-07-10,uxkD-QODdFY,Music for Mental Fatigue | Sitar Music | 1.5 Hours,2026-06-16,1256,353.5269,7,26898,3.23,1013,18.76
2026-07-10,liLFWYpEP80,Music for Digital Burnout | Surbahar Instrumental | 1.5 Hours,2026-06-23,1255,328.4001,7,28836,3.01,942,17.44
2026-07-10,0kLeLN3jqoM,Music to Release Tension | Indian Classical | 1 Hour,2026-06-17,1458,323.0074,10,32240,3.12,797,22.15
2026-07-10,XlNrXRIWvPY,Burnout Recovery Music | Slow Surbahar | 1.5 Hours,2026-06-11,1259,322.2713,10,26490,3.27,921,17.06
2026-07-10,XEjdiwH1QYo,Music to Quiet the Mind | Slow Sarod | 1.5 Hours,2026-06-07,756,314.1885,1,11213,4.01,1496,27.7
2026-07-10,qZZuJV79mDc,1.5 Hour Bansuri to Unwind | Breathe and Let Go,2026-05-22,529,280.3658,3,5119,5.04,1907,35.33
2026-07-10,rXMUwrOvqqY,Good Energy Music | Santoor for Positive Vibes | 1.5 Hours,2026-05-28,504,265.4347,1,6125,4.87,1895,35.11
2026-07-10,giuRQmp9E1c,Rest Your Mind | Surbahar for Calmness | 1.5 Hours,2026-05-27,448,234.4059,0,5435,4.82,1883,34.88
2026-07-10,T4jlUguclY8,Deep Relaxation Music | Santoor Instrumental | 1.5 Hours,2026-06-24,891,228.0039,5,16980,3.79,921,17.06
2026-07-10,fqjZNDFcu-8,Emotional Comfort | Sarangi | Indian Classical,2026-06-04,486,212.1343,0,7867,3.3,1571,29.1
2026-07-10,_0HiLlkjl3E,Sitar for Cortisol Reset | Indian Instrumental Music | 1.5 Hours,2026-06-08,630,192.7913,2,8572,4.55,1101,20.4
2026-07-10,nZ5-DTs48h4,Music for a Tired Soul | Sleep Better | 1.5 Hours of Indian Flute,2026-06-05,723,189.2383,5,8648,5.65,942,17.45
2026-07-10,cWX2U5VgN6M,Morning Reset Music | Sarod Instrumental | Clear Your Head,2026-05-23,334,186.4825,4,4747,3.9,2009,37.22
2026-07-10,W7eQ-hT27VE,Sitar for Morning Renewal | Indian Classical Music for a Fresh Start,2026-07-09,615,178.5688,4,12713,3.53,1045,19.36
2026-07-10,j-B5f9o9QHA,Overthinking Music | Dilruba Instrumental | 1.5 Hours,2026-05-26,360,174.0692,0,6654,3.7,1740,32.24
2026-07-10,jEPphCcbJ80,Yoga & Meditation Music | Sarangi & Tabla | Indian Classical,2026-05-30,360,162.3854,0,5395,3.35,1623,30.07
2026-07-10,J3I55IPXzL4,Restore Your Mind | Slow Veena | Indian Classical,2026-06-04,342,162.1927,1,6580,2.63,1707,31.62
2026-07-10,Y6Ob2P34DHA,Overthinking Music | Healing with Bamboo Flute & Tanpura | 1 Hour,2026-05-03,221,146.3369,1,2590,5.37,2383,44.14
2026-07-10,ZwJiMj0Vjak,Music for a Restless Mind | Veena Instrumental | 1.5 Hours,2026-05-23,274,143.5251,0,4345,3.34,1885,34.91
2026-07-10,P-DIkbxipB8,Comfort Music | Healing Music with Sarangi | 1 Hour,2026-05-04,295,133.6059,0,4215,3.56,1630,30.19
2026-07-10,KOqK7cXkU44,Relax Your Mind | Santoor & Tanpura | 1.5 Hours,2026-07-08,425,130.9343,1,9891,3.01,1109,20.53
2026-07-10,wU3XQgkxwIo,Meditation Music | Sarangi & Tabla | 1.5 Hours,2026-06-11,607,104.683,8,13508,3.21,620,11.5
2026-07-10,h7jE3BbxdN4,Calm Your Mind |  Veena Healing Music | 1 hour,2026-04-26,338,104.1603,3,4422,4.07,1109,24.86
2026-07-10,1jrBZH4K_S8,Peaceful Music | Soothing Music with Veena | 1 Hour,2026-05-06,185,89.7109,1,2632,3.42,1745,32.35
2026-07-10,IdRogVb7xOA,Mental Health Music | Rest Better | Veena Instrumental | 1.5 Hours,2026-06-09,466,89.5903,7,8680,3.65,692,12.81
2026-07-10,HK1YE5xexHI,Sitar to Unclog Your Brain | Instrumental Music | 3 Hours,2026-05-31,186,78.5433,2,5273,2.18,1520,14.07
2026-07-10,eaxs5hLcD4U,Sound Healing Music | Slow Surbahar | 1.5 Hours of Rest,2026-05-14,148,77.7117,1,2597,3.5,1890,34.98
2026-07-10,izpOuUSyH5Q,Morning Energy Music | Santoor Instrumental | Positive Vibes,2026-05-14,284,76.9254,0,3374,4.92,975,18.05
2026-07-10,xY3GQ28LBn0,Let Go Of Stress | Sarangi for Emotional Release | 1.5 Hours,2026-05-18,182,73.3723,0,3526,3.03,1451,26.88
2026-07-10,5hYSZG2qPXc,Inner Peace Music | Sarangi Healing | 1.5 Hours,2026-05-25,190,72.4751,1,3679,2.64,1373,25.43
2026-07-10,YZ3xQsejPEs,Morning Meditation Music | Tanpura Instrumental | 1.5 Hours of Peaceful Focus,2026-05-21,165,71.425,0,3339,2.82,1558,28.85
2026-07-10,MJe609hUnJw,Meditation Music | Slow Surbahar | Indian Classical,2026-06-03,256,69.3752,3,4950,3.37,975,18.06
2026-07-10,0Vv0INZ2sVI,Mental Stillness Music | Slow Santoor | 1.5 Hours,2026-05-20,114,68.4844,0,2931,2.46,2162,40.27
2026-07-10,wnp4F-wquvE,Sunrise Music | Dilruba Raga Yaman | 1.5 Hours,2026-06-10,304,63.8641,5,8369,2.22,756,14.01
2026-07-10,O2Z_XApzvYc,Instant focus music  | Sitar Instrumental | 1 hour,2026-04-30,170,59.8555,2,1980,3.13,1267,23.47
2026-07-10,riYWgaLsFLU,Inner Stillness Music | Slow Tanpura Drone | 1.5 Hours,2026-06-06,271,59.823,1,5779,3.06,794,14.72
2026-07-10,Z6dZjnUzNXQ,Release Stress | Burnout Music | Santoor & 528Hz,2026-04-27,176,57.5235,1,3169,2.93,1176,26.14
2026-07-10,FsYTGhdm2uM,Breathe And Relax | Slow Down Music | Veena Instrumental,2026-05-02,97,40.0782,1,2165,2.45,1487,27.55
2026-07-10,5UGTuyNHHHE,Stress Relief Music | Deep Meditation with Veena | 1 Hour,2026-04-24,107,37.7979,1,2241,1.83,1271,30.28
2026-07-10,XSIsS9ZZgLg,Nervous System Reset | Quiet Your Mind with Dilruba Instrumental Music | 1 Hour,2026-04-23,82,34.9313,1,1518,3.23,1533,36.59
2026-07-10,8XDHxadprKs,Positive Vibes Music | Feel Good Hour | 1 Hour,2026-04-13,125,33.5549,2,1821,4.06,966,26.82
2026-07-10,O8z-M9lOIzM,Sound Sleep | Relaxing Music with Tanpura | 1.5 Hours,2026-05-13,125,33.5378,0,2561,2.58,965,17.89
2026-07-10,3LZYCjFOeS4,Focus Music Santoor | 40Hz Gamma Waves | 40 Min Deep Work,2026-04-15,110,27.3373,0,1762,2.55,894,37.25
2026-07-10,gHfYwpaefII,Deep Relaxation | Dilruba Instrumental Music | 1.5 Hours,2026-06-01,120,27.1264,2,4058,1.77,813,15.07
2026-07-10,PncNidXk4SM,Calming Music for Anxiety | Slow Bansuri | Indian Classical,2026-06-02,132,21.5664,0,4372,1.81,588,10.91
2026-07-10,g3v4KTVRNEQ,Relaxation Music | Bansuri Raga & 432Hz Evening Session | 1 Hour,2026-04-25,64,19.5471,1,1781,1.35,1099,24.43
2026-07-10,sVWGIOKA8gY,Deep Focus Music | 40Hz Gamma Binaural Beats for Concentration,2026-04-05,215,16.7027,2,832,16.11,279,19.86
2026-07-10,Ueean0nyIoI,Music for Tired Mind | Slow down with Veena | 1.5 Hours,2026-05-12,52,16.1436,1,2023,1.38,1117,20.69
2026-07-10,dyb6inFSyik,Tabla Music for Morning Focus & Motivation | 40Hz Gamma Energy,2026-04-13,112,13.625,2,1730,3.93,437,13.15
2026-07-10,o71DBMDTHyc,Mindful Music | Relaxation | 40Hz Gamma Binaural Beats,2026-04-06,64,8.9242,1,649,4.01,501,21.2
2026-07-10,4jtrdy4lfQU,Let Go Before Sleep | 40 Min Tanpura Drone for Insomnia & Calm,2026-04-19,43,8.4964,0,704,2.13,711,29.6
2026-07-10,3TayWGNOyrY,Switch Off | Dilruba Music for Digital Detox | 1 Hour Reset,2026-04-11,30,5.3605,1,640,2.81,643,17.86
2026-07-10,IwzyemqVh7c,Brain Reset Music | Sitar for Mental Clarity | 20 Minutes,2026-04-12,85,5.3109,0,1561,2.82,224,18.73
2026-07-10,Tw2jFE-srGc,Mind at Rest | Sitar & Alpha Waves | 1 Hour Anxiety Relief Music,2026-04-21,48,4.7125,0,1444,2.22,353,9.85
2026-07-10,sGmvP8MMitg,Focus Music | Bamboo Flute 40Hz | Deep Work 1 Hour,2026-04-14,26,4.6624,0,477,2.94,645,14.57
2026-07-10,62FI6ji47L8,Emotional Detox | Healing Violin | 1 Hour Release,2026-04-11,82,3.9925,0,1478,3.52,175,4.87
2026-07-10,LMnHS9drakg,Cello for Creative Flow | 20 Min Focus | 6Hz Theta Waves,2026-04-09,67,3.821,0,1374,3.35,205,17.07
2026-07-10,ZyV0OfIdDKs,Mental Break | Sitar for Mind Reset | 20 Minutes,2026-04-30,38,2.8792,1,1618,1.67,272,22.71
2026-07-10,bM4M5T6wW48,Brain Fog? | Think Clearly with Sarangi 40Hz Gamma | 1 Hour,2026-04-07,38,2.8451,0,583,3.6,269,7.49
2026-07-10,SHCYDfIMMkg,Feel Good · Gentle Acoustic Guitar · 1-Minute Mood Lift  #focusmusic #deepwork #indianclassicalmusic,2026-05-03,180,2.7322,3,2123,2.21,95,159.05
2026-07-10,PCshMQuu41I,ADHD Brain Fog Music | Sitar + 40Hz Gamma | 1 Hour Focus,2026-04-20,19,1.6309,0,607,2.47,309,8.58
2026-07-10,pyw51HQXMiQ,1-Min Sitar Meditation · Indian Classical Calm #sitar #sitarmusic #meditationmusic #relaxingmusic,2026-05-03,220,1.4367,0,1614,7.13,33,54.66
2026-07-10,0tbB-bD6wz0,Bansuri for Anxiety & Overthinking 🌿 | Mind Too Loud | 528Hz,2026-04-16,16,0.5991,0,523,2.29,134,3.74
2026-07-10,eTi77RazJHM,Hear This · Electric Oud Fusion · 1 Minute Mood Reset #meditationmusic  #1minutecalm #focusmusic,2026-05-02,111,0.4211,0,628,3.66,19,32.25
2026-07-10,1zXHn2Bpmms,Overcome Procrastination | Esraj Music | Start working now,2026-04-10,3,0.2893,0,18,5.56,347,9.63
2026-07-10,mboU-eNrY-o,Pause Here · 1 Minute Tanpura Calm · Reset Your Mind 🌙,2026-05-02,71,0.2443,0,1438,1.39,18,30.85
2026-07-18,SEw8IsSXRSU,Sitar for Dopamine Reset | Indian Classical Music for Mindfulness,2026-04-29,499909,125395.5057,4011,7756084,4.32,903,16.72
2026-07-18,DMcoOLvmAyQ,Morning Energy Music | Dilruba Raga Yaman | 1.5 Hours,2026-05-09,105385,33925.0743,392,2068743,3.42,1158,21.46
2026-07-18,QNmoY_K5MxI,Bansuri for Sound Sleep | Deep Sleep Music | 1 Hour,2026-05-07,104749,26550.1512,521,1373985,5.84,912,16.89
2026-07-18,pivzhMAQFuQ,3 Hour Bansuri Music for Relaxation | Indian Classical Music for Deep Sleep,2026-05-17,36475,24748.7468,127,337379,4.66,2442,22.61
2026-07-18,95NmnEaWJGw,Sitar Music to Start Your Morning Right | 1.5 Hours,2026-05-26,35905,15417.7881,141,454380,5.38,1545,28.63
2026-07-18,52YU6Q64zVw,Sitar for Nervous System Healing | Indian Classical Music for Calmness | 1.5 Hours,2026-05-05,36079,14726.0398,102,642492,3.74,1469,27.19
2026-07-18,xfcNnj0fF5s,Quiet Night Music | Slow Bansuri Flute | 3 Hours,2026-06-14,12060,7506.6006,57,112409,7.03,2240,20.74
2026-07-18,mjd89dJLam0,Yoga Music | Positive Energy Frequency | 1.5 Hour,2026-05-07,12822,6679.8164,20,181735,4.51,1875,34.73
2026-07-18,KeEFFkaCMRk,Joyful Music | Positive Vibes Music with Santoor | 1 Hour,2026-05-08,12041,5750.2313,38,156180,5.53,1719,31.84
2026-07-18,Cih09cj7bnY,Morning Motivation | Sitar Music Instrumental | 1.5 Hours,2026-05-16,11030,5683.3851,36,112157,6.28,1854,34.35
2026-07-18,AVg7n2rEBG4,Productive Day Music | Positive Morning Vibes | 1 Hour Bansuri Session,2026-05-05,9478,4501.0286,30,100741,5.43,1709,31.66
2026-07-18,mDCDS2TlK4k,Sitar for Brain Detox | Clear Your Mind | 1.5 Hours of Indian Classical Music,2026-05-19,8237,4381.3314,20,140714,3.53,1914,35.46
2026-07-18,AyM9jWrz-YI,Morning Gratitude Music | Indian Classical | 1.5 Hours,2026-06-18,6629,3454.744,28,70268,6.37,1876,34.74
2026-07-18,00drZY7jW78,Deep Sleep Music | Surbahar Instrumental | 3 Hours,2026-06-30,4764,2570.2531,29,60510,6.09,1942,17.98
2026-07-18,cLfbEA5506U,Calm Music | Sitar for Cortisol Reset | 1.5 hours healing,2026-05-11,6801,2270.4066,17,44442,4.85,1201,22.26
2026-07-18,lbaZN6IqZAg,Music to Sleep Through the Night | Bansuri | 3 Hours,2026-07-10,3300,2180.4404,16,37444,6.47,2378,22.02
2026-07-18,sSwLnfp77ig,Anxiety Relief Music | Slow Sarod | Indian Classical,2026-05-28,3587,2064.5626,6,43370,5.49,2072,38.37
2026-07-18,pMDVh0dzUdI,Anxiety Relief Music | Clear Your Mind | 1 Hour Dilruba Session,2026-05-01,3649,1807.4286,9,45377,4.83,1783,33.02
2026-07-18,NR2zUkZsHzA,Dopamine Detox | Bansuri Music | 1.5 Hours,2026-06-29,3720,1489.8974,19,69755,3.71,1441,26.7
2026-07-18,TXfk2UU5MjI,Stress Relief Music | Santoor Instrumental | 3 Hours,2026-05-24,1616,1271.3609,3,18240,4.75,2832,26.22
2026-07-18,m6aFcw2f58o,Deep Rest Music | Find Stillness with Surbahar | 1.5 Hours,2026-04-28,3061,1140.5136,6,49354,3.88,1341,24.84
2026-07-18,7PDDveKXLbs,Can't Fall Asleep | Raga Yaman Bansuri | Delta Wave Sleep Session | 1 Hour,2026-04-22,4421,1089.909,19,35281,8.98,887,21.13
2026-07-18,ol5ryBrju2c,Deep Relaxation Music | Slow Surbahar | 1.5 Hours,2026-05-21,1535,990.8693,4,14243,7.11,2323,43.03
2026-07-18,Bc92MEMzd5g,Burnout Recovery | Vagus Nerve Reset with Surbahar | 1.5 Hours,2026-05-09,1706,916.3363,1,20120,6.04,1933,35.8
2026-07-18,fOQ27vFjegE,Inner Happiness Music | Indian Instrumental | 1.5 Hours,2026-07-03,2251,879.9058,19,33052,4.72,1407,26.05
2026-07-18,BXdEaCum01I,Nostalgia Music | Healing Music with Sarangi | 1.5 Hour,2026-05-10,1391,852.7313,3,13037,6.86,2206,40.87
2026-07-18,nASQJJ0M_Rs,Mental Clarity Music | Slow Sarod | Brain Fog Reset,2026-05-15,1354,804.0346,3,10914,8.32,2137,39.59
2026-07-18,_GwaxeCviFo,Music to Unwind | Surbahar Instrumental | 3 Hours,2026-07-06,1444,788.7632,3,28664,3.17,1966,18.21
2026-07-18,iCEUy5C9vrM,Bright Morning Music | Santoor Instrumental | 1.5 Hours,2026-06-13,1599,722.1101,4,18215,4.98,1625,30.11
2026-07-18,JT9sMCnL1Ng,Peace of Mind Music | Santoor Instrumental | 3 Hours,2026-07-13,1303,705.912,6,23079,3.53,1950,18.06
2026-07-18,dFi4GBSpbCM,Clear Your Head Music | Slow Sarod | Indian Classical,2026-06-02,1193,691.0643,2,13703,5.41,2085,38.62
2026-07-18,vjv4ZUNj9ag,Music for Dopamine Boost | Sitar & Bansuri for Positive Energy | 1.5 Hours,2026-06-22,2206,651.6997,12,37435,4.24,1063,19.69
2026-07-18,tZP2B_aG300,Music for Overthinkers | Dilruba Raga Kedar | 1.5 Hours,2026-07-07,1788,630.527,8,41770,2.98,1269,23.51
2026-07-18,Gwp8Ba09oYA,Calm Music | Sarod Instrumental | Gentle Healing | 1.5 Hours,2026-06-25,1792,597.1448,9,32026,3.92,1199,22.21
2026-07-18,DubeTsFevyI,Start Your Day With Peace | Calm Bansuri Meditation | 1.5 hours,2026-05-13,1025,589.3301,1,12558,5.53,2069,38.33
2026-07-18,hyqYExvlnhk,Kindness Music | Warm Bansuri Morning | 1.5 hours,2026-06-26,1636,496.4101,11,31862,3.63,1092,20.17
2026-07-18,9nkoB-lwuiM,Mindful Morning Music | Indian Classical | 1.5 Hours,2026-06-20,1436,472.5321,10,23374,4.21,1184,21.94
2026-07-18,O44Gj_fCvHg,Music for a Heavy Heart | Indian Classical | 1.5 Hours,2026-06-19,1377,452.2695,10,26018,3.63,1182,21.89
2026-07-18,3y851IbKNqw,Music for Mental Clarity | Sarod Instrumental | 1.5 Hours,2026-07-02,1323,425.8804,10,22348,4.19,1158,21.46
2026-07-18,0n08FIuVMyw,Uplifting Music | Dilruba for Morning Energy | 1.5 Hours,2026-05-19,737,424.8065,1,5872,8.26,2075,38.42
2026-07-18,ele9iYvf5x4,Sleep Music | Drift Off Effortlessly | 1.5 Hours Bansuri,2026-05-29,995,413.7302,1,11198,5.3,1496,27.72
2026-07-18,6zmwUf4o8JY,Meditation Music | Sarangi Instrumental | 1.5 Hours,2026-07-01,1426,412.9015,9,36237,2.84,1042,19.3
2026-07-18,AaaDZvomWMM,Mental Reset | Sitar for an Overstimulated Mind | 1.5 Hours,2026-07-14,1060,382.4383,1,24306,3.26,1298,24.05
2026-07-18,W7eQ-hT27VE,Sitar for Morning Renewal | Indian Classical Music for a Fresh Start,2026-07-09,1131,356.1331,6,21269,3.9,1133,20.99
2026-07-18,liLFWYpEP80,Music for Digital Burnout | Surbahar Instrumental | 1.5 Hours,2026-06-23,1320,338.9539,7,30226,3.01,924,17.12
2026-07-18,NDoTueJoTRA,Calm an Overactive Mind | Chandra Raga | Deep Nervous System Healing,2026-05-16,598,287.1525,2,6283,3.68,1728,32.01
2026-07-18,vsm6fasbeuA,Productive Morning Music | Bansuri Flute | 1.5 Hours,2026-06-09,528,276.7751,2,6238,4.5,1887,34.95
2026-07-18,qZZuJV79mDc,1.5 Hour Bansuri to Unwind | Breathe and Let Go,2026-05-22,445,248.2829,0,4223,4.83,2008,37.2
2026-07-18,T4jlUguclY8,Deep Relaxation Music | Santoor Instrumental | 1.5 Hours,2026-06-24,966,247.9556,5,18096,3.82,924,17.11
2026-07-18,KOqK7cXkU44,Relax Your Mind | Santoor & Tanpura | 1.5 Hours,2026-07-08,750,216.4958,4,15457,3.29,1039,19.24
2026-07-18,0kLeLN3jqoM,Music to Release Tension | Indian Classical | 1 Hour,2026-06-17,900,210.6542,6,19500,2.87,842,23.41
2026-07-18,rXMUwrOvqqY,Good Energy Music | Santoor for Positive Vibes | 1.5 Hours,2026-05-28,363,184.5933,1,4594,4.83,1830,33.9
2026-07-18,fsg9INofUlM,Healing Frequency Music | Sarangi & Tanpura | 3 Hours,2026-07-16,654,184.0754,1,17443,3.04,1013,18.76
2026-07-18,Y6Ob2P34DHA,Overthinking Music | Healing with Bamboo Flute & Tanpura | 1 Hour,2026-05-03,260,183.0065,1,2529,6.68,2533,46.92
2026-07-18,XEjdiwH1QYo,Music to Quiet the Mind | Slow Sarod | 1.5 Hours,2026-06-07,402,174.3684,0,6078,3.77,1561,28.91
2026-07-18,giuRQmp9E1c,Rest Your Mind | Surbahar for Calmness | 1.5 Hours,2026-05-27,321,166.9679,0,4217,4.39,1872,34.68
2026-07-18,NMs-TKYXpzQ,Wind Down Music | Slow Sarod | Indian Classical,2026-06-15,393,158.4946,0,9235,2.98,1451,26.89
2026-07-18,uxkD-QODdFY,Music for Mental Fatigue | Sitar Music | 1.5 Hours,2026-06-16,539,155.8439,3,11169,3.08,1040,19.28
2026-07-18,qQYKtgnuL1s,Cortisol Detox Music | Bansuri & Tanpura | 1.5 Hours,2026-07-17,341,150.8564,4,6690,4.25,1592,29.48
2026-07-18,cWX2U5VgN6M,Morning Reset Music | Sarod Instrumental | Clear Your Head,2026-05-23,237,141.5084,2,3606,3.36,2149,39.8
2026-07-18,jEPphCcbJ80,Yoga & Meditation Music | Sarangi & Tabla | Indian Classical,2026-05-30,304,139.8291,1,4440,3.94,1655,30.66
2026-07-18,XlNrXRIWvPY,Burnout Recovery Music | Slow Surbahar | 1.5 Hours,2026-06-11,397,138.3747,2,6686,3.83,1254,23.24
2026-07-18,j-B5f9o9QHA,Overthinking Music | Dilruba Instrumental | 1.5 Hours,2026-05-26,296,128.3374,1,5256,3.81,1560,28.9
2026-07-18,fqjZNDFcu-8,Emotional Comfort | Sarangi | Indian Classical,2026-06-04,284,126.396,0,5240,2.79,1602,29.67
2026-07-18,J3I55IPXzL4,Restore Your Mind | Slow Veena | Indian Classical,2026-06-04,227,119.9882,0,4563,2.19,1902,35.24
2026-07-18,ZwJiMj0Vjak,Music for a Restless Mind | Veena Instrumental | 1.5 Hours,2026-05-23,201,115.098,0,3442,3.11,2061,38.17
2026-07-18,RixDSSQPgF0,Sitar for Morning Motivation | Indian Instrumental | 1.5 Hours,2026-06-12,389,115.0298,2,7208,3.59,1064,19.71
2026-07-18,P-DIkbxipB8,Comfort Music | Healing Music with Sarangi | 1 Hour,2026-05-04,253,113.4733,1,3654,3.75,1614,29.9
2026-07-18,_0HiLlkjl3E,Sitar for Cortisol Reset | Indian Instrumental Music | 1.5 Hours,2026-06-08,356,111.4832,2,5378,4.07,1127,20.87
2026-07-18,h7jE3BbxdN4,Calm Your Mind |  Veena Healing Music | 1 hour,2026-04-26,327,110.5367,2,3954,4.65,1216,27.27
2026-07-18,uS2JohslTM0,Brain Power Music | Slow Sarod | Indian Classical,2026-07-15,414,105.7573,2,10538,2.9,919,17.03
2026-07-18,0Vv0INZ2sVI,Mental Stillness Music | Slow Santoor | 1.5 Hours,2026-05-20,123,94.0235,0,2404,3.04,2751,51.25
2026-07-18,1jrBZH4K_S8,Peaceful Music | Soothing Music with Veena | 1 Hour,2026-05-06,168,91.28,1,2225,3.6,1955,36.25
2026-07-18,YZ3xQsejPEs,Morning Meditation Music | Tanpura Instrumental | 1.5 Hours of Peaceful Focus,2026-05-21,171,86.7832,0,2731,3.55,1827,33.83
2026-07-18,eaxs5hLcD4U,Sound Healing Music | Slow Surbahar | 1.5 Hours of Rest,2026-05-14,141,85.1691,0,2161,4.07,2174,40.24
2026-07-18,5hYSZG2qPXc,Inner Peace Music | Sarangi Healing | 1.5 Hours,2026-05-25,175,76.7851,1,2995,2.97,1579,29.25
2026-07-18,nZ5-DTs48h4,Music for a Tired Soul | Sleep Better | 1.5 Hours of Indian Flute,2026-06-05,326,69.7935,2,4490,4.25,770,14.27
2026-07-18,izpOuUSyH5Q,Morning Energy Music | Santoor Instrumental | Positive Vibes,2026-05-14,244,68.8086,0,2824,4.71,1015,18.8
2026-07-18,xY3GQ28LBn0,Let Go Of Stress | Sarangi for Emotional Release | 1.5 Hours,2026-05-18,176,62.7234,0,2995,2.94,1282,23.76
2026-07-18,wU3XQgkxwIo,Meditation Music | Sarangi & Tabla | 1.5 Hours,2026-06-11,268,57.6766,4,5650,2.94,774,14.35
2026-07-18,HK1YE5xexHI,Sitar to Unclog Your Brain | Instrumental Music | 3 Hours,2026-05-31,146,53.9757,2,4255,2.16,1330,12.32
2026-07-18,O2Z_XApzvYc,Instant focus music  | Sitar Instrumental | 1 hour,2026-04-30,152,53.222,0,1709,3.1,1260,23.34
2026-07-18,MJe609hUnJw,Meditation Music | Slow Surbahar | Indian Classical,2026-06-03,171,46.6605,2,3605,3.11,982,18.19
2026-07-18,Z6dZjnUzNXQ,Release Stress | Burnout Music | Santoor & 528Hz,2026-04-27,135,40.4508,1,2616,2.79,1078,23.97
2026-07-18,FsYTGhdm2uM,Breathe And Relax | Slow Down Music | Veena Instrumental,2026-05-02,79,37.0159,1,1805,2.22,1686,31.24
2026-07-18,IdRogVb7xOA,Mental Health Music | Rest Better | Veena Instrumental | 1.5 Hours,2026-06-09,206,36.5339,2,4624,2.85,638,11.82
2026-07-18,riYWgaLsFLU,Inner Stillness Music | Slow Tanpura Drone | 1.5 Hours,2026-06-06,153,33.5546,0,3842,2.42,789,14.62
2026-07-18,XSIsS9ZZgLg,Nervous System Reset | Quiet Your Mind with Dilruba Instrumental Music | 1 Hour,2026-04-23,78,31.5761,1,1348,3.64,1457,34.77
2026-07-18,5UGTuyNHHHE,Stress Relief Music | Deep Meditation with Veena | 1 Hour,2026-04-24,95,29.9118,1,1904,1.94,1133,26.99
2026-07-18,wnp4F-wquvE,Sunrise Music | Dilruba Raga Yaman | 1.5 Hours,2026-06-10,147,26.4475,3,4662,1.84,647,11.99
2026-07-18,8XDHxadprKs,Positive Vibes Music | Feel Good Hour | 1 Hour,2026-04-13,100,24.9512,0,1409,4.4,898,24.93
2026-07-18,O8z-M9lOIzM,Sound Sleep | Relaxing Music with Tanpura | 1.5 Hours,2026-05-13,97,19.9259,0,2129,2.44,739,13.69
2026-07-18,g3v4KTVRNEQ,Relaxation Music | Bansuri Raga & 432Hz Evening Session | 1 Hour,2026-04-25,66,19.7354,1,1574,1.84,1076,23.92
2026-07-18,Ueean0nyIoI,Music for Tired Mind | Slow down with Veena | 1.5 Hours,2026-05-12,47,19.6884,1,1695,1.12,1508,27.92
2026-07-18,3LZYCjFOeS4,Focus Music Santoor | 40Hz Gamma Waves | 40 Min Deep Work,2026-04-15,76,16.9665,0,1533,2.41,803,33.46
2026-07-18,gHfYwpaefII,Deep Relaxation | Dilruba Instrumental Music | 1.5 Hours,2026-06-01,68,16.1853,1,2992,1.47,856,15.86
2026-07-18,PncNidXk4SM,Calming Music for Anxiety | Slow Bansuri | Indian Classical,2026-06-02,92,14.0648,0,3194,1.78,550,10.21
2026-07-18,sVWGIOKA8gY,Deep Focus Music | 40Hz Gamma Binaural Beats for Concentration,2026-04-05,200,14.043,3,808,15.59,252,17.95
2026-07-18,dyb6inFSyik,Tabla Music for Morning Focus & Motivation | 40Hz Gamma Energy,2026-04-13,88,13.0842,2,1439,3.47,535,16.07
2026-07-18,3TayWGNOyrY,Switch Off | Dilruba Music for Digital Detox | 1 Hour Reset,2026-04-11,24,6.2817,0,272,4.04,942,26.17
2026-07-18,o71DBMDTHyc,Mindful Music | Relaxation | 40Hz Gamma Binaural Beats,2026-04-06,44,5.5941,1,306,5.23,457,19.33
2026-07-18,LMnHS9drakg,Cello for Creative Flow | 20 Min Focus | 6Hz Theta Waves,2026-04-09,65,5.521,0,1256,3.58,305,25.42
2026-07-18,IwzyemqVh7c,Brain Reset Music | Sitar for Mental Clarity | 20 Minutes,2026-04-12,84,5.4885,0,1448,3.11,235,19.59
2026-07-18,4jtrdy4lfQU,Let Go Before Sleep | 40 Min Tanpura Drone for Insomnia & Calm,2026-04-19,24,4.5618,0,294,3.06,684,28.48
2026-07-18,62FI6ji47L8,Emotional Detox | Healing Violin | 1 Hour Release,2026-04-11,76,4.4811,0,1314,3.58,212,5.89
2026-07-18,Tw2jFE-srGc,Mind at Rest | Sitar & Alpha Waves | 1 Hour Anxiety Relief Music,2026-04-21,36,2.9305,0,1287,2.1,293,8.16
2026-07-18,ZyV0OfIdDKs,Mental Break | Sitar for Mind Reset | 20 Minutes,2026-04-30,32,2.3889,1,1395,1.51,268,22.38
2026-07-18,SHCYDfIMMkg,Feel Good · Gentle Acoustic Guitar · 1-Minute Mood Lift  #focusmusic #deepwork #indianclassicalmusic,2026-05-03,153,2.1561,3,1700,2.18,86,143.79
2026-07-18,bM4M5T6wW48,Brain Fog? | Think Clearly with Sarangi 40Hz Gamma | 1 Hour,2026-04-07,16,1.4164,0,258,3.49,318,8.85
2026-07-18,pyw51HQXMiQ,1-Min Sitar Meditation · Indian Classical Calm #sitar #sitarmusic #meditationmusic #relaxingmusic,2026-05-03,190,1.2267,0,1454,6.46,33,55.02
2026-07-18,sGmvP8MMitg,Focus Music | Bamboo Flute 40Hz | Deep Work 1 Hour,2026-04-14,8,0.9548,0,141,4.26,429,9.7
2026-07-18,PCshMQuu41I,ADHD Brain Fog Music | Sitar + 40Hz Gamma | 1 Hour Focus,2026-04-20,11,0.9372,0,236,4.24,306,8.51
2026-07-18,0tbB-bD6wz0,Bansuri for Anxiety & Overthinking 🌿 | Mind Too Loud | 528Hz,2026-04-16,7,0.4784,0,155,3.23,246,6.83
2026-07-18,eTi77RazJHM,Hear This · Electric Oud Fusion · 1 Minute Mood Reset #meditationmusic  #1minutecalm #focusmusic,2026-05-02,103,0.4094,1,545,3.12,20,33.63
2026-07-18,mboU-eNrY-o,Pause Here · 1 Minute Tanpura Calm · Reset Your Mind 🌙,2026-05-02,66,0.2204,0,1312,1.22,17,28.85
2026-07-18,1zXHn2Bpmms,Overcome Procrastination | Esraj Music | Start working now,2026-04-10,2,0.1769,0,17,11.76,318,8.84
